ID,dipole_moment
mol_1,4.8815403
mol_2,0.962192
mol_3,1.5090806
mol_4,1.5243212
mol_5,1.7670926
mol_6,1.8842436
mol_7,6.0392613
mol_8,3.8080528
mol_9,1.6697899
mol_10,2.3833308
mol_11,1.9302099
mol_12,3.2852678
mol_13,1.3495977
mol_14,1.7724043
mol_15,1.637345
mol_16,1.5345789
mol_17,3.3006606
mol_18,2.4458654
mol_19,1.3011984
mol_20,1.7664047
mol_21,1.5725309
mol_22,1.6063238
mol_23,2.2774723
mol_24,4.1741037
mol_25,1.7782038
mol_26,4.177376
mol_27,1.7359883
mol_28,2.5878
mol_29,4.1948514
mol_30,2.8593745
mol_31,1.8934988
mol_32,2.3734336
mol_33,0.91517854
mol_34,1.6076921
mol_35,0.8586755
mol_36,3.3442101
mol_37,3.2083812
mol_38,3.896183
mol_39,5.2804885
mol_40,1.6250458
mol_41,3.7661614
mol_42,1.3302727
mol_43,2.210629
mol_44,0.12053508
mol_45,1.2565076
mol_46,3.567156
mol_47,3.1715498
mol_48,1.867194
mol_49,1.9090068
mol_50,4.7327743
mol_51,1.2627052
mol_52,1.567711
mol_53,4.504823
mol_54,1.0951158
mol_55,1.3618681
mol_56,1.2539445
mol_57,2.2575462
mol_58,2.970956
mol_59,1.0338941
mol_60,3.6904306
mol_61,2.3744023
mol_62,3.5419297
mol_63,2.4032912
mol_64,1.415923
mol_65,4.5569234
mol_66,2.9278917
mol_67,3.8750172
mol_68,5.019251
mol_69,0.5934999
mol_70,2.2355556
mol_71,5.591559
mol_72,6.195717
mol_73,1.0881736
mol_74,2.8547952
mol_75,0.41124693
mol_76,1.6370575
mol_77,8.637346
mol_78,4.01685
mol_79,4.514846
mol_80,0.7832
mol_81,1.5082332
mol_82,1.5161313
mol_83,1.5293025
mol_84,0.7677281
mol_85,2.6006649
mol_86,1.3672677
mol_87,2.025463
mol_88,3.8654432
mol_89,1.7866076
mol_90,1.8224807
mol_91,1.8506337
mol_92,3.2686224
mol_93,2.6245887
mol_94,3.9909005
mol_95,0.19292673
mol_96,4.898848
mol_97,4.64274
mol_98,3.015373
mol_99,2.292946
mol_100,2.8311524
mol_101,0.7238451
mol_102,1.4906472
mol_103,2.2865074
mol_104,1.630016
mol_105,3.3888354
mol_106,1.9453837
mol_107,0.45657733
mol_108,4.6665688
mol_109,4.320832
mol_110,2.496361
mol_111,1.9393994
mol_112,5.6403995
mol_113,0.68564975
mol_114,4.5881376
mol_115,1.4488646
mol_116,1.0253477
mol_117,1.9664509
mol_118,4.014677
mol_119,2.5094082
mol_120,3.4517074
mol_121,1.5080222
mol_122,2.028508
mol_123,1.3095995
mol_124,3.0994382
mol_125,3.7600946
mol_126,1.7097598
mol_127,1.4783322
mol_128,3.4873743
mol_129,4.8441844
mol_130,1.0831865
mol_131,4.5200634
mol_132,3.1139584
mol_133,1.8719128
mol_134,1.3776442
mol_135,1.4581252
mol_136,4.1672616
mol_137,1.5933858
mol_138,2.1668162
mol_139,3.2375677
mol_140,2.0854812
mol_141,2.1232278
mol_142,3.4691424
mol_143,5.707166
mol_144,2.4582567
mol_145,0.9568502
mol_146,2.3361754
mol_147,4.8078856
mol_148,1.1569413
mol_149,1.6058167
mol_150,3.2707486
mol_151,2.217568
mol_152,2.2514787
mol_153,2.8220816
mol_154,2.6615305
mol_155,2.0572112
mol_156,1.407113
mol_157,2.7238286
mol_158,1.0734597
mol_159,3.7122183
mol_160,1.8019798
mol_161,1.3520981
mol_162,4.308988
mol_163,1.8292538
mol_164,4.671669
mol_165,3.4923587
mol_166,4.2546077
mol_167,2.8833554
mol_168,1.1464217
mol_169,5.293246
mol_170,1.3761258
mol_171,2.4163156
mol_172,1.8267392
mol_173,2.5239682
mol_174,2.5892334
mol_175,5.847716
mol_176,2.9439864
mol_177,5.116376
mol_178,1.5261333
mol_179,3.0320148
mol_180,0.7793423
mol_181,1.8613659
mol_182,1.2010709
mol_183,3.9461212
mol_184,0.9716048
mol_185,2.7803688
mol_186,2.9142404
mol_187,1.217476
mol_188,2.589478
mol_189,2.8693273
mol_190,2.7183247
mol_191,2.8738003
mol_192,0.55909437
mol_193,4.6028047
mol_194,0.8886204
mol_195,2.071055
mol_196,3.6124563
mol_197,3.1268077
mol_198,1.3730289
mol_199,1.2986149
mol_200,2.2416923
mol_201,1.727268
mol_202,2.0658247
mol_203,1.3575007
mol_204,3.4676604
mol_205,3.9819183
mol_206,3.0993075
mol_207,4.5358105
mol_208,2.316338
mol_209,3.5132995
mol_210,3.6425538
mol_211,1.0436461
mol_212,1.2774886
mol_213,2.9925866
mol_214,2.1758537
mol_215,0.82535243
mol_216,1.0708736
mol_217,0.9110451
mol_218,3.14183
mol_219,1.0467339
mol_220,1.5394279
mol_221,2.1220944
mol_222,4.440663
mol_223,3.8871677
mol_224,4.5482845
mol_225,3.9542294
mol_226,1.9395558
mol_227,2.0961826
mol_228,3.6846297
mol_229,2.5361807
mol_230,6.645011
mol_231,0.2235969
mol_232,1.7205521
mol_233,3.2810638
mol_234,2.1160808
mol_235,2.758491
mol_236,2.1775084
mol_237,1.036615
mol_238,1.2476972
mol_239,1.3434161
mol_240,1.6870965
mol_241,4.5515437
mol_242,1.4740622
mol_243,3.5929732
mol_244,8.566005
mol_245,4.042864
mol_246,1.7470182
mol_247,4.49397
mol_248,4.3473606
mol_249,3.212362
mol_250,1.6996406
mol_251,6.2507353
mol_252,6.887989
mol_253,2.3949013
mol_254,2.305251
mol_255,1.5516411
mol_256,3.4952388
mol_257,2.6116834
mol_258,0.91619545
mol_259,3.6650853
mol_260,1.3044497
mol_261,1.9742719
mol_262,3.76564
mol_263,2.6866374
mol_264,0.5961207
mol_265,3.88752
mol_266,1.1806433
mol_267,1.3744695
mol_268,2.4574566
mol_269,2.2355256
mol_270,4.2792
mol_271,4.061049
mol_272,1.1494954
mol_273,1.2092971
mol_274,1.6543875
mol_275,1.7417102
mol_276,1.2577324
mol_277,3.2682958
mol_278,2.6759195
mol_279,3.4496422
mol_280,2.0001047
mol_281,2.0823424
mol_282,2.154807
mol_283,2.9128637
mol_284,2.7386634
mol_285,5.1099906
mol_286,2.8827944
mol_287,2.6958146
mol_288,3.1440377
mol_289,1.7271909
mol_290,0.830842
mol_291,3.2761564
mol_292,1.4306891
mol_293,2.09435
mol_294,1.6453997
mol_295,2.4087994
mol_296,6.7520967
mol_297,1.6390834
mol_298,0.49250242
mol_299,4.3071027
mol_300,0.62838566
mol_301,2.774061
mol_302,4.2922673
mol_303,0.638112
mol_304,4.3063216
mol_305,2.0360844
mol_306,1.1149352
mol_307,3.2358732
mol_308,2.4586358
mol_309,7.1730847
mol_310,2.510401
mol_311,2.0391529
mol_312,1.0085901
mol_313,1.8765019
mol_314,0.37915146
mol_315,3.3612528
mol_316,0.18184087
mol_317,1.8415436
mol_318,2.56773
mol_319,3.1179266
mol_320,2.350939
mol_321,3.605056
mol_322,3.61032
mol_323,1.9137816
mol_324,0.9068892
mol_325,3.1644237
mol_326,3.094182
mol_327,3.4936767
mol_328,3.4050412
mol_329,1.7744883
mol_330,3.152651
mol_331,2.3149238
mol_332,3.0738606
mol_333,4.85741
mol_334,2.338563
mol_335,1.0727328
mol_336,3.662867
mol_337,1.514897
mol_338,4.6805387
mol_339,4.6934943
mol_340,4.371977
mol_341,0.3319222
mol_342,3.7121336
mol_343,1.6251539
mol_344,3.6927998
mol_345,1.7711788
mol_346,0.86010337
mol_347,2.7544715
mol_348,2.592207
mol_349,2.2421532
mol_350,3.1611223
mol_351,1.1040715
mol_352,1.1186343
mol_353,4.4508905
mol_354,3.178144
mol_355,1.8444997
mol_356,4.7031474
mol_357,3.3021295
mol_358,2.5277352
mol_359,4.710726
mol_360,2.362583
mol_361,2.179726
mol_362,0.26432288
mol_363,2.445076
mol_364,1.5299977
mol_365,1.4756305
mol_366,1.3773475
mol_367,2.3058863
mol_368,4.7263036
mol_369,1.9922448
mol_370,4.2114263
mol_371,1.6419138
mol_372,2.3664167
mol_373,0.89506626
mol_374,1.6087581
mol_375,3.9695797
mol_376,2.0316563
mol_377,2.6161883
mol_378,1.2420583
mol_379,1.5726908
mol_380,1.9831676
mol_381,3.2654843
mol_382,2.8888907
mol_383,4.1948056
mol_384,1.5846304
mol_385,1.2477369
mol_386,1.980983
mol_387,2.4972293
mol_388,1.6103138
mol_389,1.2660137
mol_390,2.419375
mol_391,1.777448
mol_392,0.9363763
mol_393,1.4314604
mol_394,2.031593
mol_395,1.1770835
mol_396,2.9318898
mol_397,3.318327
mol_398,1.4173942
mol_399,1.7179234
mol_400,3.1876745
mol_401,1.7140087
mol_402,3.749254
mol_403,3.0056326
mol_404,6.65967
mol_405,2.6835113
mol_406,3.717949
mol_407,5.3309402
mol_408,4.8685565
mol_409,5.6770115
mol_410,2.6342602
mol_411,4.2354193
mol_412,2.5066533
mol_413,1.4292163
mol_414,1.8415537
mol_415,3.9848056
mol_416,2.8013127
mol_417,2.0871172
mol_418,7.22678
mol_419,2.7259965
mol_420,3.7006836
mol_421,3.5102098
mol_422,3.5780406
mol_423,1.670942
mol_424,1.6245052
mol_425,0.7358906
mol_426,1.454803
mol_427,1.1093343
mol_428,1.2318579
mol_429,0.92959344
mol_430,4.0896072
mol_431,4.0801253
mol_432,3.4256775
mol_433,1.1655486
mol_434,4.2279487
mol_435,2.5426967
mol_436,6.6674523
mol_437,4.112622
mol_438,1.6278573
mol_439,3.8458219
mol_440,3.7110167
mol_441,2.202862
mol_442,2.5580835
mol_443,4.7547507
mol_444,3.270608
mol_445,1.681767
mol_446,1.2858453
mol_447,3.3312798
mol_448,5.274595
mol_449,3.8719957
mol_450,1.9915572
mol_451,2.1274195
mol_452,1.5425285
mol_453,3.146151
mol_454,2.7251618
mol_455,2.862288
mol_456,4.7846985
mol_457,2.851439
mol_458,2.2484388
mol_459,3.092389
mol_460,3.4429917
mol_461,2.3756588
mol_462,3.3058667
mol_463,2.2553241
mol_464,4.5762515
mol_465,0.88236207
mol_466,0.8774104
mol_467,1.0778953
mol_468,1.2438123
mol_469,1.509111
mol_470,1.552342
mol_471,2.1324964
mol_472,5.0831966
mol_473,1.2411175
mol_474,4.815159
mol_475,2.0053117
mol_476,1.2394778
mol_477,2.3814533
mol_478,1.3471466
mol_479,0.2255499
mol_480,2.146727
mol_481,2.9416175
mol_482,5.701238
mol_483,2.0866513
mol_484,2.8713884
mol_485,3.407301
mol_486,3.854885
mol_487,2.2197845
mol_488,6.3382998
mol_489,2.039277
mol_490,1.4248773
mol_491,6.1383014
mol_492,2.6773586
mol_493,2.8511388
mol_494,2.8574448
mol_495,3.2318249
mol_496,3.9420006
mol_497,1.7725412
mol_498,4.530138
mol_499,2.565052
mol_500,3.0558424
mol_501,1.6255571
mol_502,4.0514913
mol_503,2.9320161
mol_504,1.999736
mol_505,1.478975
mol_506,2.5568695
mol_507,1.354554
mol_508,1.6378483
mol_509,3.575346
mol_510,3.61065
mol_511,3.1934266
mol_512,3.9441836
mol_513,2.0450299
mol_514,1.8296913
mol_515,1.935341
mol_516,4.256167
mol_517,1.7415082
mol_518,2.7517066
mol_519,1.8761886
mol_520,2.7734869
mol_521,2.6482897
mol_522,3.34145
mol_523,4.467821
mol_524,1.9581374
mol_525,3.2006016
mol_526,3.31457
mol_527,1.414689
mol_528,3.7754297
mol_529,2.200715
mol_530,0.28042552
mol_531,4.8914495
mol_532,4.1062703
mol_533,1.9633174
mol_534,3.355869
mol_535,5.879462
mol_536,2.2597291
mol_537,1.971677
mol_538,4.0819826
mol_539,3.118985
mol_540,1.8193637
mol_541,1.662254
mol_542,4.9832363
mol_543,3.7264123
mol_544,1.8264598
mol_545,1.2505497
mol_546,3.9221952
mol_547,3.636097
mol_548,2.570653
mol_549,1.9748904
mol_550,1.5450984
mol_551,2.6138988
mol_552,1.7842327
mol_553,1.5324649
mol_554,1.9672521
mol_555,3.1888757
mol_556,4.9271417
mol_557,1.6589065
mol_558,1.9215194
mol_559,1.6825727
mol_560,3.183629
mol_561,1.201756
mol_562,1.489648
mol_563,2.563418
mol_564,4.471819
mol_565,1.5486481
mol_566,5.2134304
mol_567,2.9911323
mol_568,3.578074
mol_569,1.5567912
mol_570,1.6767248
mol_571,2.8596454
mol_572,2.1305702
mol_573,1.4519242
mol_574,3.5730596
mol_575,7.023149
mol_576,0.42813584
mol_577,2.8977737
mol_578,2.119862
mol_579,1.07704
mol_580,2.7257357
mol_581,3.9161859
mol_582,2.3178334
mol_583,2.0295515
mol_584,1.2798737
mol_585,3.4989548
mol_586,0.8003318
mol_587,1.8889294
mol_588,1.7532305
mol_589,1.9975599
mol_590,3.5512958
mol_591,2.6028428
mol_592,0.9533378
mol_593,1.6558917
mol_594,3.103966
mol_595,0.6666355
mol_596,2.039432
mol_597,2.9371119
mol_598,2.654769
mol_599,1.4934382
mol_600,1.025893
mol_601,6.687157
mol_602,3.510192
mol_603,2.9525359
mol_604,5.2739773
mol_605,1.6073341
mol_606,5.0828576
mol_607,4.372886
mol_608,3.567838
mol_609,2.5977993
mol_610,1.3979251
mol_611,1.6995766
mol_612,1.472422
mol_613,2.3647518
mol_614,2.2453933
mol_615,3.1860867
mol_616,1.8685508
mol_617,3.8725374
mol_618,5.6397796
mol_619,1.1873926
mol_620,0.6396013
mol_621,3.6665127
mol_622,3.4967124
mol_623,3.797607
mol_624,1.3480604
mol_625,3.749188
mol_626,1.7562371
mol_627,0.40908715
mol_628,4.4445353
mol_629,2.972281
mol_630,3.1033034
mol_631,3.2735329
mol_632,2.4674087
mol_633,1.6225837
mol_634,1.59262
mol_635,0.79171073
mol_636,0.7526483
mol_637,2.2891388
mol_638,0.9058117
mol_639,1.2492156
mol_640,1.2261134
mol_641,2.511791
mol_642,1.554093
mol_643,2.8826404
mol_644,2.6335466
mol_645,2.810192
mol_646,1.6716253
mol_647,2.4400082
mol_648,0.36152503
mol_649,0.9717941
mol_650,1.816297
mol_651,1.9846103
mol_652,1.2946199
mol_653,1.9371573
mol_654,0.5029463
mol_655,2.9602456
mol_656,4.3043504
mol_657,1.950079
mol_658,1.5568632
mol_659,1.0318233
mol_660,1.1945924
mol_661,2.6955395
mol_662,2.4265974
mol_663,2.4096608
mol_664,2.359713
mol_665,5.340779
mol_666,1.9828029
mol_667,0.5731779
mol_668,1.9853927
mol_669,1.1414692
mol_670,2.4426527
mol_671,1.625563
mol_672,3.2971392
mol_673,1.8226446
mol_674,3.1816087
mol_675,1.8139571
mol_676,1.5826637
mol_677,0.88991684
mol_678,4.0435047
mol_679,1.0558184
mol_680,2.1963406
mol_681,3.4416387
mol_682,0.5763748
mol_683,3.011366
mol_684,4.7441187
mol_685,2.0445886
mol_686,2.9705062
mol_687,4.2876267
mol_688,2.2592416
mol_689,2.7591605
mol_690,1.645304
mol_691,2.6066422
mol_692,1.664049
mol_693,1.8805176
mol_694,2.0381417
mol_695,3.8469057
mol_696,0.3773516
mol_697,2.3960114
mol_698,3.6274827
mol_699,1.2941304
mol_700,0.70389867
mol_701,2.25415
mol_702,1.858081
mol_703,2.6317105
mol_704,1.8213531
mol_705,5.2489805
mol_706,4.4430294
mol_707,0.97068584
mol_708,3.0297632
mol_709,1.9655058
mol_710,4.126923
mol_711,1.3761882
mol_712,4.409184
mol_713,1.9840358
mol_714,0.9917443
mol_715,2.803862
mol_716,1.3973678
mol_717,1.9495957
mol_718,1.4776198
mol_719,4.9157977
mol_720,1.211157
mol_721,3.3220377
mol_722,1.3624299
mol_723,2.496317
mol_724,2.8402705
mol_725,0.7063842
mol_726,0.19231483
mol_727,2.3401835
mol_728,2.772427
mol_729,2.0919108
mol_730,1.51077
mol_731,3.46695
mol_732,3.874403
mol_733,3.1819358
mol_734,4.630013
mol_735,1.3709484
mol_736,2.2657046
mol_737,2.989345
mol_738,2.8652785
mol_739,1.5194064
mol_740,5.307031
mol_741,1.6463991
mol_742,1.3509103
mol_743,4.857294
mol_744,1.0504664
mol_745,1.0236739
mol_746,1.1498781
mol_747,1.7140697
mol_748,0.27501035
mol_749,1.6170269
mol_750,4.3857474
mol_751,1.2806113
mol_752,1.4699785
mol_753,3.64848
mol_754,1.1693324
mol_755,1.8794724
mol_756,2.6281338
mol_757,3.5689666
mol_758,1.3266003
mol_759,2.8920455
mol_760,2.0476081
mol_761,2.303022
mol_762,1.5990924
mol_763,1.806382
mol_764,1.6088759
mol_765,5.5719776
mol_766,4.330753
mol_767,2.256253
mol_768,0.8971801
mol_769,1.4938536
mol_770,1.3613753
mol_771,2.6146007
mol_772,3.1024394
mol_773,1.7750032
mol_774,1.8089653
mol_775,1.5848039
mol_776,4.348863
mol_777,2.2740588
mol_778,3.5557544
mol_779,2.720047
mol_780,2.5260758
mol_781,1.4142448
mol_782,3.986568
mol_783,2.6286445
mol_784,1.4343765
mol_785,2.4061954
mol_786,4.483573
mol_787,4.3371587
mol_788,4.8492503
mol_789,3.8941483
mol_790,7.137154
mol_791,0.980069
mol_792,1.0317175
mol_793,3.549851
mol_794,1.7531677
mol_795,0.25596872
mol_796,4.0144606
mol_797,2.8649049
mol_798,1.5103096
mol_799,2.160257
mol_800,1.1266779
mol_801,4.069242
mol_802,3.343104
mol_803,1.3989208
mol_804,2.2869618
mol_805,2.4859347
mol_806,1.7078167
mol_807,-0.102555
mol_808,3.8700018
mol_809,1.4693017
mol_810,3.281951
mol_811,3.079681
mol_812,2.7586777
mol_813,2.1956074
mol_814,2.7017374
mol_815,0.91643375
mol_816,3.5241456
mol_817,3.3252263
mol_818,0.5188921
mol_819,0.6399758
mol_820,2.542482
mol_821,2.1308637
mol_822,2.7743487
mol_823,4.695951
mol_824,0.23429725
mol_825,4.329056
mol_826,1.3952354
mol_827,3.253509
mol_828,3.7045612
mol_829,3.32305
mol_830,2.011491
mol_831,1.6207286
mol_832,1.0192794
mol_833,2.933095
mol_834,5.9783983
mol_835,2.1280737
mol_836,2.918222
mol_837,4.858422
mol_838,4.769063
mol_839,3.4902709
mol_840,4.446815
mol_841,3.374006
mol_842,6.8254137
mol_843,3.5233738
mol_844,1.5774158
mol_845,1.4405147
mol_846,1.3892521
mol_847,1.3295732
mol_848,5.2763886
mol_849,2.8704062
mol_850,1.9056476
mol_851,1.5371662
mol_852,2.0859768
mol_853,1.5912095
mol_854,4.0291643
mol_855,3.9049716
mol_856,5.0776763
mol_857,2.17594
mol_858,3.7123275
mol_859,4.1780195
mol_860,4.5391297
mol_861,3.5543122
mol_862,1.9133216
mol_863,1.8834604
mol_864,1.8198661
mol_865,3.582268
mol_866,1.3972595
mol_867,4.558496
mol_868,2.4238777
mol_869,2.0684688
mol_870,4.808387
mol_871,2.66789
mol_872,1.7901195
mol_873,1.7409862
mol_874,2.9717171
mol_875,3.364507
mol_876,3.4647326
mol_877,1.7891897
mol_878,3.9565983
mol_879,8.236811
mol_880,3.7597885
mol_881,2.5437095
mol_882,1.3090531
mol_883,1.1207483
mol_884,0.7468065
mol_885,1.8534819
mol_886,4.9249797
mol_887,3.8599904
mol_888,1.864369
mol_889,1.520043
mol_890,3.853075
mol_891,4.0792828
mol_892,2.26444
mol_893,1.0916855
mol_894,1.1829345
mol_895,2.0263042
mol_896,1.946248
mol_897,1.8841351
mol_898,2.599291
mol_899,1.3840803
mol_900,3.3349419
mol_901,0.7767447
mol_902,3.7326427
mol_903,1.9248667
mol_904,2.117384
mol_905,5.5562606
mol_906,1.3984376
mol_907,1.0495976
mol_908,1.2199694
mol_909,4.1463447
mol_910,5.394138
mol_911,2.3641858
mol_912,1.3603066
mol_913,1.332616
mol_914,3.951129
mol_915,1.2867072
mol_916,2.2255163
mol_917,0.13364133
mol_918,2.207458
mol_919,3.9210002
mol_920,1.7699237
mol_921,2.0633454
mol_922,3.9396076
mol_923,1.1901242
mol_924,0.5875607
mol_925,1.7143395
mol_926,2.0463555
mol_927,4.37637
mol_928,2.9086542
mol_929,3.2990744
mol_930,4.4881988
mol_931,4.3057427
mol_932,3.9912605
mol_933,4.4022746
mol_934,2.7491708
mol_935,1.655398
mol_936,3.2740934
mol_937,1.2933328
mol_938,2.8687356
mol_939,1.4177475
mol_940,7.3004894
mol_941,3.30876
mol_942,1.3105787
mol_943,3.5483727
mol_944,0.09202237
mol_945,2.43263
mol_946,6.0401053
mol_947,1.3724335
mol_948,2.2434113
mol_949,4.238566
mol_950,1.5821086
mol_951,1.4045382
mol_952,1.0998938
mol_953,1.045437
mol_954,1.6566275
mol_955,2.450439
mol_956,1.2778579
mol_957,4.3624196
mol_958,3.803251
mol_959,1.6559306
mol_960,1.8423402
mol_961,3.3972867
mol_962,4.134484
mol_963,1.979934
mol_964,0.34319848
mol_965,3.0273361
mol_966,2.0950847
mol_967,2.5550776
mol_968,2.6768622
mol_969,1.9662094
mol_970,2.7284584
mol_971,0.8695613
mol_972,2.1177738
mol_973,2.3606458
mol_974,1.7044997
mol_975,1.6477524
mol_976,3.6278987
mol_977,3.2721872
mol_978,2.1998453
mol_979,2.6689608
mol_980,3.5795474
mol_981,3.8711877
mol_982,1.5425183
mol_983,2.576024
mol_984,2.0892065
mol_985,2.48861
mol_986,1.4957205
mol_987,6.311416
mol_988,2.6614213
mol_989,2.604161
mol_990,3.6562586
mol_991,4.07944
mol_992,3.4339418
mol_993,4.7259493
mol_994,5.142014
mol_995,1.5805391
mol_996,0.35279915
mol_997,1.032813
mol_998,2.318604
mol_999,1.7397038
mol_1000,4.898749
mol_1001,1.571282
mol_1002,5.002462
mol_1003,2.549161
mol_1004,1.6792479
mol_1005,4.1215057
mol_1006,1.9072661
mol_1007,1.3958069
mol_1008,3.631453
mol_1009,2.777317
mol_1010,5.4835405
mol_1011,1.8178252
mol_1012,4.6050014
mol_1013,3.129798
mol_1014,2.5986567
mol_1015,4.888865
mol_1016,2.3300123
mol_1017,1.4087213
mol_1018,3.5898285
mol_1019,1.7900306
mol_1020,3.322692
mol_1021,1.832326
mol_1022,1.6762068
mol_1023,1.1653918
mol_1024,3.8375022
mol_1025,1.4430248
mol_1026,1.8081698
mol_1027,3.503477
mol_1028,4.2868133
mol_1029,4.065843
mol_1030,2.66638
mol_1031,1.5947415
mol_1032,2.0314846
mol_1033,4.9178824
mol_1034,1.6146652
mol_1035,0.8510251
mol_1036,1.5224124
mol_1037,2.0974655
mol_1038,2.9156723
mol_1039,2.2572885
mol_1040,1.4212652
mol_1041,1.1580836
mol_1042,5.1133103
mol_1043,1.8889189
mol_1044,2.4677923
mol_1045,3.9785354
mol_1046,3.8465962
mol_1047,0.66053724
mol_1048,1.346462
mol_1049,1.3695718
mol_1050,1.2268237
mol_1051,1.030552
mol_1052,2.4366703
mol_1053,1.2419842
mol_1054,2.3769546
mol_1055,2.313346
mol_1056,1.3445593
mol_1057,3.4004557
mol_1058,4.800409
mol_1059,3.0934582
mol_1060,1.0718584
mol_1061,3.8512485
mol_1062,-1.5260246
mol_1063,5.374162
mol_1064,2.2619467
mol_1065,1.77602
mol_1066,2.5654087
mol_1067,0.72962415
mol_1068,1.502133
mol_1069,3.0261772
mol_1070,1.7233719
mol_1071,2.0895112
mol_1072,1.5100774
mol_1073,4.00924
mol_1074,1.7824883
mol_1075,1.1634887
mol_1076,1.9549649
mol_1077,1.8008392
mol_1078,1.2108793
mol_1079,2.0023618
mol_1080,2.0614328
mol_1081,2.5989547
mol_1082,1.7857456
mol_1083,2.9760404
mol_1084,0.76884526
mol_1085,1.557032
mol_1086,2.1939101
mol_1087,1.4667507
mol_1088,4.2349753
mol_1089,1.7714494
mol_1090,2.8870955
mol_1091,3.411345
mol_1092,2.6832576
mol_1093,2.7499492
mol_1094,2.3865955
mol_1095,2.6972375
mol_1096,2.8664854
mol_1097,1.3147048
mol_1098,4.902015
mol_1099,2.0659564
mol_1100,2.0603013
mol_1101,0.85224754
mol_1102,1.7764126
mol_1103,3.7698183
mol_1104,1.2539749
mol_1105,2.014739
mol_1106,3.9492893
mol_1107,2.134474
mol_1108,3.6252139
mol_1109,1.637165
mol_1110,2.3947868
mol_1111,2.5002022
mol_1112,0.49419796
mol_1113,0.6431818
mol_1114,3.0395699
mol_1115,2.789304
mol_1116,2.8063622
mol_1117,2.3591592
mol_1118,3.5963736
mol_1119,1.9548212
mol_1120,3.6016243
mol_1121,4.98251
mol_1122,3.1084049
mol_1123,2.504632
mol_1124,3.0091696
mol_1125,1.7875578
mol_1126,1.779317
mol_1127,2.3713164
mol_1128,1.3693968
mol_1129,3.352262
mol_1130,1.4815553
mol_1131,2.337761
mol_1132,0.90571535
mol_1133,3.399128
mol_1134,2.165603
mol_1135,4.735802
mol_1136,1.4627858
mol_1137,2.1784072
mol_1138,2.7337031
mol_1139,1.8695782
mol_1140,1.4385939
mol_1141,1.3374045
mol_1142,0.45093367
mol_1143,2.2683587
mol_1144,2.1957107
mol_1145,0.9882228
mol_1146,1.2016686
mol_1147,1.669021
mol_1148,4.17965
mol_1149,1.6618408
mol_1150,2.307596
mol_1151,1.2999994
mol_1152,2.3413455
mol_1153,1.8819231
mol_1154,2.250714
mol_1155,2.113043
mol_1156,3.884145
mol_1157,4.4078736
mol_1158,1.4721407
mol_1159,1.3608692
mol_1160,2.2790825
mol_1161,1.8325766
mol_1162,3.4594448
mol_1163,2.0941331
mol_1164,3.9611268
mol_1165,3.5864096
mol_1166,1.803244
mol_1167,1.963375
mol_1168,2.093949
mol_1169,3.7532537
mol_1170,0.9746177
mol_1171,1.9302479
mol_1172,1.5528712
mol_1173,6.204074
mol_1174,3.5697799
mol_1175,3.0257401
mol_1176,2.7632751
mol_1177,2.8520582
mol_1178,3.0169044
mol_1179,1.9413806
mol_1180,3.3272784
mol_1181,2.96783
mol_1182,4.055306
mol_1183,2.8681898
mol_1184,2.3077672
mol_1185,1.84971
mol_1186,2.8956006
mol_1187,1.739868
mol_1188,1.5749382
mol_1189,1.4438437
mol_1190,1.4883577
mol_1191,3.828106
mol_1192,1.6336268
mol_1193,1.7724215
mol_1194,3.7608466
mol_1195,2.6419952
mol_1196,0.58377403
mol_1197,2.5600762
mol_1198,2.3116431
mol_1199,2.125373
mol_1200,2.7116733
mol_1201,1.2076663
mol_1202,3.5403798
mol_1203,1.8136946
mol_1204,1.8789868
mol_1205,1.7416893
mol_1206,1.1176594
mol_1207,4.0375605
mol_1208,3.2124388
mol_1209,1.342564
mol_1210,1.3663907
mol_1211,1.9431046
mol_1212,3.9430678
mol_1213,1.3433816
mol_1214,5.046907
mol_1215,2.017718
mol_1216,0.96465975
mol_1217,1.8589541
mol_1218,2.6956224
mol_1219,3.489183
mol_1220,6.936348
mol_1221,2.9325435
mol_1222,2.188979
mol_1223,5.0256987
mol_1224,2.8476346
mol_1225,1.0689126
mol_1226,0.4413328
mol_1227,4.294535
mol_1228,1.4633374
mol_1229,1.7887405
mol_1230,2.06666
mol_1231,2.286773
mol_1232,1.0246553
mol_1233,1.7243462
mol_1234,0.5192778
mol_1235,1.8500346
mol_1236,3.0435352
mol_1237,3.924682
mol_1238,1.4099152
mol_1239,4.4577937
mol_1240,1.0923395
mol_1241,2.9148052
mol_1242,1.1118392
mol_1243,1.5605267
mol_1244,1.8855402
mol_1245,2.6282587
mol_1246,1.2433312
mol_1247,0.36875132
mol_1248,0.92223865
mol_1249,2.5961185
mol_1250,1.2405412
mol_1251,1.9793248
mol_1252,0.45179477
mol_1253,1.8460997
mol_1254,5.513895
mol_1255,0.9931194
mol_1256,4.2975197
mol_1257,2.2245927
mol_1258,2.773966
mol_1259,2.955896
mol_1260,5.3870807
mol_1261,1.5112116
mol_1262,2.668488
mol_1263,3.3498728
mol_1264,4.4975038
mol_1265,1.957747
mol_1266,1.6810275
mol_1267,1.8604518
mol_1268,1.3371614
mol_1269,0.272783
mol_1270,2.946253
mol_1271,3.275046
mol_1272,3.7128522
mol_1273,1.7374076
mol_1274,1.815402
mol_1275,1.9650514
mol_1276,2.3935542
mol_1277,4.4312935
mol_1278,2.1906664
mol_1279,1.2969881
mol_1280,1.5863107
mol_1281,1.6441667
mol_1282,0.2654328
mol_1283,5.0886
mol_1284,5.5185857
mol_1285,2.0857513
mol_1286,2.3673522
mol_1287,2.913526
mol_1288,1.8242775
mol_1289,2.8088465
mol_1290,1.501696
mol_1291,0.005721219
mol_1292,1.7701811
mol_1293,1.7937974
mol_1294,5.1098
mol_1295,2.2908967
mol_1296,4.0086107
mol_1297,1.8276758
mol_1298,2.3431594
mol_1299,1.6835514
mol_1300,2.8770008
mol_1301,1.9833812
mol_1302,3.7257123
mol_1303,5.0346427
mol_1304,2.456169
mol_1305,1.3591672
mol_1306,0.27779916
mol_1307,3.460029
mol_1308,4.221152
mol_1309,2.3297
mol_1310,3.6559243
mol_1311,0.972446
mol_1312,2.3667054
mol_1313,2.2339506
mol_1314,4.543334
mol_1315,0.44599697
mol_1316,4.588847
mol_1317,4.142839
mol_1318,1.7740127
mol_1319,3.6208644
mol_1320,1.4447051
mol_1321,1.3086519
mol_1322,1.5234878
mol_1323,5.3617115
mol_1324,3.9371495
mol_1325,1.6811701
mol_1326,3.2812161
mol_1327,1.7983686
mol_1328,1.3362247
mol_1329,3.0111823
mol_1330,3.095697
mol_1331,1.2605634
mol_1332,4.3994694
mol_1333,3.3808894
mol_1334,0.90453017
mol_1335,1.2472697
mol_1336,4.7048545
mol_1337,1.1803111
mol_1338,1.3450223
mol_1339,4.137195
mol_1340,2.1083255
mol_1341,1.9572788
mol_1342,2.4713223
mol_1343,3.262308
mol_1344,2.022487
mol_1345,3.567841
mol_1346,5.643572
mol_1347,1.2234579
mol_1348,2.260686
mol_1349,1.6610352
mol_1350,2.0841014
mol_1351,3.8959723
mol_1352,7.9225316
mol_1353,3.714715
mol_1354,1.4390936
mol_1355,2.1511745
mol_1356,4.969186
mol_1357,0.6047749
mol_1358,4.5252166
mol_1359,1.1940929
mol_1360,3.2855282
mol_1361,2.8225374
mol_1362,3.453666
mol_1363,1.930408
mol_1364,4.8767247
mol_1365,0.22012195
mol_1366,2.2875783
mol_1367,2.3741596
mol_1368,3.467802
mol_1369,4.1359997
mol_1370,3.6822813
mol_1371,2.3917007
mol_1372,3.5263422
mol_1373,4.7909493
mol_1374,5.210199
mol_1375,1.9708014
mol_1376,1.8918742
mol_1377,2.20885
mol_1378,1.6999961
mol_1379,1.2069504
mol_1380,0.02550695
mol_1381,2.401508
mol_1382,1.0562066
mol_1383,2.1369667
mol_1384,4.076909
mol_1385,2.926479
mol_1386,1.2090617
mol_1387,2.998843
mol_1388,1.4270421
mol_1389,4.8572392
mol_1390,1.0745955
mol_1391,1.9685739
mol_1392,1.6132289
mol_1393,4.047323
mol_1394,1.3560423
mol_1395,1.3972067
mol_1396,1.4786409
mol_1397,1.1353232
mol_1398,1.2408313
mol_1399,4.9242597
mol_1400,1.3482838
mol_1401,0.53798246
mol_1402,4.1691184
mol_1403,2.3353746
mol_1404,3.2837996
mol_1405,2.203171
mol_1406,3.6920943
mol_1407,2.1243734
mol_1408,2.4194589
mol_1409,4.496482
mol_1410,3.2817507
mol_1411,1.8376986
mol_1412,1.3669262
mol_1413,1.7548634
mol_1414,0.4151565
mol_1415,1.5959697
mol_1416,0.9757502
mol_1417,1.1234341
mol_1418,1.6806661
mol_1419,2.2432666
mol_1420,1.9660273
mol_1421,2.9535995
mol_1422,1.3070002
mol_1423,2.0259643
mol_1424,3.0101323
mol_1425,3.9668388
mol_1426,2.07528
mol_1427,1.9135975
mol_1428,2.6479461
mol_1429,3.1622124
mol_1430,0.001054801
mol_1431,4.157576
mol_1432,4.1347504
mol_1433,4.1772137
mol_1434,1.2502003
mol_1435,-0.06859531
mol_1436,2.0054555
mol_1437,1.6712946
mol_1438,4.763646
mol_1439,4.1413946
mol_1440,1.0505866
mol_1441,2.251596
mol_1442,0.5463683
mol_1443,0.17293373
mol_1444,3.4572928
mol_1445,2.8197715
mol_1446,1.9425366
mol_1447,3.2109818
mol_1448,3.646039
mol_1449,1.6895982
mol_1450,1.8433731
mol_1451,1.6239746
mol_1452,2.658823
mol_1453,2.5336187
mol_1454,4.041825
mol_1455,2.7712147
mol_1456,1.7187743
mol_1457,3.8821058
mol_1458,-0.2340127
mol_1459,3.1347265
mol_1460,1.8645562
mol_1461,4.0971193
mol_1462,4.402682
mol_1463,3.8005068
mol_1464,0.563789
mol_1465,4.542237
mol_1466,0.93814766
mol_1467,1.3734609
mol_1468,1.0128008
mol_1469,4.681787
mol_1470,0.2632505
mol_1471,1.0446308
mol_1472,2.3955405
mol_1473,2.0449321
mol_1474,1.7536339
mol_1475,3.3480918
mol_1476,2.439259
mol_1477,1.4077408
mol_1478,4.6915574
mol_1479,2.2737646
mol_1480,1.4804398
mol_1481,4.336165
mol_1482,3.7953792
mol_1483,4.2240787
mol_1484,1.906463
mol_1485,1.505255
mol_1486,4.8451076
mol_1487,2.4536142
mol_1488,1.5380329
mol_1489,3.6016908
mol_1490,4.850378
mol_1491,1.3937073
mol_1492,2.9138958
mol_1493,2.3373017
mol_1494,2.8311796
mol_1495,2.7688725
mol_1496,2.642269
mol_1497,2.2212338
mol_1498,1.4628571
mol_1499,3.6080492
mol_1500,1.6026108
mol_1501,1.7265818
mol_1502,0.5430089
mol_1503,0.8713795
mol_1504,1.4091705
mol_1505,3.8393393
mol_1506,1.0653776
mol_1507,2.9633183
mol_1508,2.6990936
mol_1509,4.1526227
mol_1510,1.3983151
mol_1511,2.1767519
mol_1512,2.4702117
mol_1513,3.9750278
mol_1514,3.8798103
mol_1515,1.8269373
mol_1516,2.743855
mol_1517,1.504914
mol_1518,1.3886048
mol_1519,1.7582167
mol_1520,1.496307
mol_1521,1.3434393
mol_1522,2.2536426
mol_1523,3.030042
mol_1524,4.4271684
mol_1525,4.8329873
mol_1526,1.6675614
mol_1527,5.564798
mol_1528,4.955834
mol_1529,1.1014773
mol_1530,1.7920915
mol_1531,1.9682883
mol_1532,1.8831178
mol_1533,2.0072198
mol_1534,4.3963337
mol_1535,1.256363
mol_1536,1.7889847
mol_1537,1.567122
mol_1538,5.099034
mol_1539,3.691265
mol_1540,1.4039401
mol_1541,5.264745
mol_1542,3.2683783
mol_1543,4.7377553
mol_1544,1.0006351
mol_1545,1.528591
mol_1546,7.553922
mol_1547,2.6271079
mol_1548,2.258989
mol_1549,5.1710954
mol_1550,2.18464
mol_1551,1.8132566
mol_1552,4.033041
mol_1553,1.2987977
mol_1554,2.5838356
mol_1555,5.6937327
mol_1556,1.536524
mol_1557,2.958068
mol_1558,1.6831769
mol_1559,1.6906915
mol_1560,2.9906116
mol_1561,2.9598036
mol_1562,1.2654624
mol_1563,2.1728044
mol_1564,2.2859383
mol_1565,1.6384891
mol_1566,1.106935
mol_1567,1.1440902
mol_1568,1.8906752
mol_1569,2.606761
mol_1570,2.138936
mol_1571,1.9959626
mol_1572,2.663422
mol_1573,2.3502269
mol_1574,7.8677845
mol_1575,2.9821734
mol_1576,2.1723123
mol_1577,2.514948
mol_1578,1.3700477
mol_1579,0.8132723
mol_1580,2.7475984
mol_1581,6.620176
mol_1582,1.394884
mol_1583,1.123407
mol_1584,1.3884577
mol_1585,2.8263733
mol_1586,2.9627929
mol_1587,0.27289292
mol_1588,2.8239553
mol_1589,2.0740433
mol_1590,2.3212562
mol_1591,1.5602692
mol_1592,4.758115
mol_1593,2.7058747
mol_1594,3.0633228
mol_1595,1.1088657
mol_1596,0.9150568
mol_1597,1.3709778
mol_1598,1.7219938
mol_1599,1.3984559
mol_1600,3.7260962
mol_1601,1.8264321
mol_1602,2.4918876
mol_1603,4.1887918
mol_1604,3.8278065
mol_1605,2.1391106
mol_1606,2.9828987
mol_1607,2.246404
mol_1608,1.7286509
mol_1609,1.1664835
mol_1610,4.4180546
mol_1611,1.4078623
mol_1612,1.2834617
mol_1613,4.4890566
mol_1614,3.8513577
mol_1615,2.753323
mol_1616,1.6265224
mol_1617,4.7859025
mol_1618,1.9974322
mol_1619,3.4881883
mol_1620,2.828179
mol_1621,2.1258447
mol_1622,4.3828545
mol_1623,2.1674554
mol_1624,1.2882472
mol_1625,3.2556663
mol_1626,4.571097
mol_1627,1.9545865
mol_1628,3.2097697
mol_1629,4.3078103
mol_1630,3.7006443
mol_1631,5.497893
mol_1632,1.088718
mol_1633,1.8026892
mol_1634,2.5584483
mol_1635,4.3051677
mol_1636,1.597515
mol_1637,1.4514606
mol_1638,4.77056
mol_1639,2.0484357
mol_1640,2.6854649
mol_1641,1.4728094
mol_1642,2.505146
mol_1643,2.683721
mol_1644,1.9119257
mol_1645,1.2312573
mol_1646,3.0645533
mol_1647,2.0115163
mol_1648,-0.1573582
mol_1649,2.705425
mol_1650,0.98812366
mol_1651,1.253596
mol_1652,1.9107895
mol_1653,1.3353672
mol_1654,4.0813656
mol_1655,3.6582532
mol_1656,2.090131
mol_1657,0.8541521
mol_1658,4.6279283
mol_1659,2.1499066
mol_1660,1.4342955
mol_1661,1.5631553
mol_1662,3.450367
mol_1663,3.597886
mol_1664,4.7139783
mol_1665,2.7861323
mol_1666,0.7503227
mol_1667,4.74654
mol_1668,1.6773674
mol_1669,1.7582557
mol_1670,2.6038747
mol_1671,2.7986507
mol_1672,3.5352426
mol_1673,0.4083087
mol_1674,1.147519
mol_1675,4.807921
mol_1676,2.3099685
mol_1677,1.8707875
mol_1678,1.1898276
mol_1679,4.1894836
mol_1680,2.2146344
mol_1681,2.4450417
mol_1682,2.3373334
mol_1683,1.9321748
mol_1684,4.1836514
mol_1685,6.013417
mol_1686,4.456569
mol_1687,4.4236407
mol_1688,4.1045823
mol_1689,3.7788053
mol_1690,5.2383943
mol_1691,3.534494
mol_1692,3.9205859
mol_1693,4.084496
mol_1694,1.1066937
mol_1695,5.636754
mol_1696,5.844786
mol_1697,3.751163
mol_1698,2.6082053
mol_1699,2.9800878
mol_1700,1.6388294
mol_1701,1.4247435
mol_1702,1.45054
mol_1703,1.2799441
mol_1704,1.1228942
mol_1705,0.99429405
mol_1706,0.9579085
mol_1707,5.5835977
mol_1708,0.6220217
mol_1709,1.072037
mol_1710,1.9086795
mol_1711,2.8082728
mol_1712,2.6021986
mol_1713,1.9640096
mol_1714,2.9957309
mol_1715,3.1454363
mol_1716,2.9103441
mol_1717,1.7109442
mol_1718,2.2551882
mol_1719,0.7143016
mol_1720,1.7120577
mol_1721,1.5993854
mol_1722,1.112264
mol_1723,2.731212
mol_1724,1.0585436
mol_1725,2.2643452
mol_1726,0.46632716
mol_1727,4.5360813
mol_1728,2.2097242
mol_1729,1.7186457
mol_1730,2.0207698
mol_1731,1.5704875
mol_1732,1.0403196
mol_1733,1.3071812
mol_1734,1.7550536
mol_1735,2.6896343
mol_1736,2.4187362
mol_1737,3.385754
mol_1738,6.586987
mol_1739,5.2562184
mol_1740,1.0097636
mol_1741,0.1703349
mol_1742,2.947379
mol_1743,1.1035017
mol_1744,1.510914
mol_1745,5.63382
mol_1746,1.301433
mol_1747,0.21529427
mol_1748,1.7854017
mol_1749,0.8176657
mol_1750,1.35772
mol_1751,3.7280421
mol_1752,2.3687534
mol_1753,1.8936262
mol_1754,1.5545287
mol_1755,0.7226353
mol_1756,1.2513453
mol_1757,2.3217812
mol_1758,1.7656643
mol_1759,0.4151272
mol_1760,3.9009504
mol_1761,2.0372026
mol_1762,2.242332
mol_1763,2.1475785
mol_1764,1.5963675
mol_1765,4.83285
mol_1766,0.040482618
mol_1767,3.903469
mol_1768,8.67468
mol_1769,6.1093793
mol_1770,4.9013953
mol_1771,4.2065806
mol_1772,2.5379157
mol_1773,0.23629776
mol_1774,4.8164735
mol_1775,3.1684036
mol_1776,2.9477553
mol_1777,1.3085992
mol_1778,3.2165232
mol_1779,1.5164161
mol_1780,2.3203375
mol_1781,5.251961
mol_1782,2.0107317
mol_1783,2.734022
mol_1784,3.5321155
mol_1785,1.8652426
mol_1786,3.3147864
mol_1787,1.0081933
mol_1788,1.3373448
mol_1789,5.619908
mol_1790,1.5066288
mol_1791,1.2982259
mol_1792,1.374756
mol_1793,1.5883126
mol_1794,0.6646661
mol_1795,3.8439417
mol_1796,1.6387314
mol_1797,2.4475932
mol_1798,3.9396763
mol_1799,3.5696056
mol_1800,3.1904016
mol_1801,0.95845246
mol_1802,1.71092
mol_1803,2.384946
mol_1804,1.7318037
mol_1805,1.1321449
mol_1806,1.8109059
mol_1807,4.7811093
mol_1808,3.9462426
mol_1809,0.6589788
mol_1810,2.9686441
mol_1811,1.1160214
mol_1812,1.8449225
mol_1813,0.80804926
mol_1814,2.5587096
mol_1815,3.662764
mol_1816,3.4017267
mol_1817,1.5958197
mol_1818,4.083279
mol_1819,1.3080491
mol_1820,1.8916067
mol_1821,2.432633
mol_1822,0.9534298
mol_1823,3.7891152
mol_1824,3.109559
mol_1825,0.6229947
mol_1826,2.4735756
mol_1827,3.3800426
mol_1828,0.7563692
mol_1829,2.6706061
mol_1830,2.161623
mol_1831,2.0977132
mol_1832,1.4369136
mol_1833,4.716804
mol_1834,0.69365656
mol_1835,4.3606963
mol_1836,1.984625
mol_1837,4.3740125
mol_1838,2.2495441
mol_1839,1.1403333
mol_1840,1.5260193
mol_1841,2.8757682
mol_1842,1.5024246
mol_1843,2.4650397
mol_1844,1.2337207
mol_1845,1.593911
mol_1846,1.8250574
mol_1847,3.2041051
mol_1848,4.860067
mol_1849,1.4125472
mol_1850,1.8238071
mol_1851,2.1075735
mol_1852,3.3668394
mol_1853,5.0435376
mol_1854,1.7346522
mol_1855,3.5753357
mol_1856,1.6105797
mol_1857,1.8962871
mol_1858,3.0208771
mol_1859,0.4587536
mol_1860,3.965964
mol_1861,3.4193192
mol_1862,1.7842766
mol_1863,1.7594959
mol_1864,2.7200308
mol_1865,3.0104094
mol_1866,0.9090606
mol_1867,1.8705288
mol_1868,2.3534327
mol_1869,3.693089
mol_1870,0.82302845
mol_1871,0.67234993
mol_1872,3.7785535
mol_1873,1.0922737
mol_1874,1.840788
mol_1875,1.4247067
mol_1876,1.3134596
mol_1877,3.1854143
mol_1878,1.7711445
mol_1879,1.0913869
mol_1880,1.6289058
mol_1881,1.5140754
mol_1882,1.7085885
mol_1883,0.97134376
mol_1884,0.8059561
mol_1885,2.6884403
mol_1886,5.655503
mol_1887,2.5181396
mol_1888,1.2189273
mol_1889,1.5099571
mol_1890,2.4898462
mol_1891,5.283561
mol_1892,3.4420674
mol_1893,1.5425401
mol_1894,1.9231175
mol_1895,1.0402117
mol_1896,2.1615958
mol_1897,1.4049324
mol_1898,4.3129373
mol_1899,2.9878583
mol_1900,1.8055581
mol_1901,3.3419404
mol_1902,4.474028
mol_1903,1.6143059
mol_1904,4.0272603
mol_1905,2.5879126
mol_1906,5.7529597
mol_1907,5.641229
mol_1908,1.0839483
mol_1909,2.1723561
mol_1910,1.4980232
mol_1911,6.4420915
mol_1912,3.9920523
mol_1913,3.2969844
mol_1914,1.9583312
mol_1915,2.084473
mol_1916,1.6241264
mol_1917,1.7822616
mol_1918,1.5707818
mol_1919,2.3266082
mol_1920,2.7469049
mol_1921,1.1090716
mol_1922,2.0008445
mol_1923,3.0776627
mol_1924,0.23001006
mol_1925,2.2529643
mol_1926,2.515511
mol_1927,4.271829
mol_1928,1.9917191
mol_1929,2.2623453
mol_1930,0.86606884
mol_1931,0.9885191
mol_1932,3.428132
mol_1933,3.354397
mol_1934,1.6914897
mol_1935,1.7474059
mol_1936,4.9528785
mol_1937,3.968554
mol_1938,1.9593391
mol_1939,3.7174635
mol_1940,2.7863307
mol_1941,2.1685953
mol_1942,1.4699656
mol_1943,1.917578
mol_1944,2.6022973
mol_1945,2.8384163
mol_1946,3.123867
mol_1947,1.9637891
mol_1948,2.3288474
mol_1949,0.7071742
mol_1950,2.4309866
mol_1951,2.4289834
mol_1952,4.820062
mol_1953,2.0011773
mol_1954,1.6892383
mol_1955,2.8607776
mol_1956,3.532504
mol_1957,3.2410975
mol_1958,1.3615043
mol_1959,5.7024226
mol_1960,0.89797884
mol_1961,1.4345903
mol_1962,1.9731004
mol_1963,1.7794425
mol_1964,1.8396717
mol_1965,1.4936711
mol_1966,3.4384046
mol_1967,5.696158
mol_1968,4.9008546
mol_1969,2.420947
mol_1970,2.3550477
mol_1971,2.834572
mol_1972,4.130313
mol_1973,3.5277605
mol_1974,4.60239
mol_1975,4.8152394
mol_1976,1.6982322
mol_1977,2.651124
mol_1978,2.5582185
mol_1979,1.987994
mol_1980,1.0885504
mol_1981,3.547545
mol_1982,4.156728
mol_1983,4.1498833
mol_1984,2.3694277
mol_1985,3.8386354
mol_1986,1.6195172
mol_1987,3.2151113
mol_1988,2.6901758
mol_1989,3.9678054
mol_1990,0.75701916
mol_1991,2.3883517
mol_1992,4.9614263
mol_1993,4.455731
mol_1994,1.5827264
mol_1995,1.2383698
mol_1996,0.93053406
mol_1997,2.7413034
mol_1998,1.4786589
mol_1999,1.3073295
mol_2000,2.82564
mol_2001,3.0920784
mol_2002,0.66103643
mol_2003,4.1334977
mol_2004,6.959834
mol_2005,2.086699
mol_2006,1.9359242
mol_2007,4.599112
mol_2008,3.6121624
mol_2009,3.7474437
mol_2010,4.387427
mol_2011,4.128878
mol_2012,3.6784406
mol_2013,2.463502
mol_2014,1.9939009
mol_2015,2.359425
mol_2016,2.962716
mol_2017,2.483703
mol_2018,2.8697119
mol_2019,3.0372138
mol_2020,2.3044639
mol_2021,3.8381639
mol_2022,2.8569164
mol_2023,2.2728171
mol_2024,4.516144
mol_2025,4.11379
mol_2026,3.2236652
mol_2027,1.0016596
mol_2028,3.8870234
mol_2029,2.3269749
mol_2030,3.1513972
mol_2031,3.0143318
mol_2032,1.4463495
mol_2033,2.1222072
mol_2034,1.5464402
mol_2035,1.7021905
mol_2036,1.1978077
mol_2037,3.8211458
mol_2038,1.4467062
mol_2039,2.2084897
mol_2040,1.791525
mol_2041,2.8058164
mol_2042,1.53874
mol_2043,4.587761
mol_2044,0.99479777
mol_2045,3.7841854
mol_2046,1.3942808
mol_2047,3.815187
mol_2048,2.856441
mol_2049,4.331578
mol_2050,4.386161
mol_2051,1.8783993
mol_2052,1.9558061
mol_2053,2.5331874
mol_2054,3.1798415
mol_2055,1.6802014
mol_2056,2.7628798
mol_2057,3.5704308
mol_2058,3.3780568
mol_2059,6.613994
mol_2060,0.42478022
mol_2061,1.6393632
mol_2062,2.1065392
mol_2063,1.3353177
mol_2064,2.5077395
mol_2065,3.3418655
mol_2066,1.2158577
mol_2067,3.7339761
mol_2068,1.1120837
mol_2069,1.2793322
mol_2070,1.5811893
mol_2071,1.5467306
mol_2072,3.0285418
mol_2073,4.128104
mol_2074,2.0099583
mol_2075,3.5336645
mol_2076,5.4551096
mol_2077,2.820574
mol_2078,0.975166
mol_2079,1.9360337
mol_2080,1.9876673
mol_2081,1.8512243
mol_2082,3.9652047
mol_2083,2.030206
mol_2084,1.5498734
mol_2085,2.4797068
mol_2086,0.987591
mol_2087,1.244137
mol_2088,5.44847
mol_2089,1.334881
mol_2090,2.6708498
mol_2091,1.3896735
mol_2092,2.225246
mol_2093,2.9845922
mol_2094,1.0279553
mol_2095,3.3688617
mol_2096,5.8077726
mol_2097,2.048608
mol_2098,1.5863659
mol_2099,2.3146033
mol_2100,4.3817573
mol_2101,2.8928158
mol_2102,1.8524503
mol_2103,2.4610467
mol_2104,0.9612944
mol_2105,1.7674791
mol_2106,1.6835142
mol_2107,2.4353418
mol_2108,3.5243878
mol_2109,1.9784192
mol_2110,1.7236112
mol_2111,3.9017966
mol_2112,3.044369
mol_2113,1.6496336
mol_2114,2.039283
mol_2115,1.9365748
mol_2116,1.5450307
mol_2117,1.6270963
mol_2118,1.1601732
mol_2119,3.5019042
mol_2120,2.5348098
mol_2121,1.8696581
mol_2122,1.7388159
mol_2123,1.8224269
mol_2124,2.1245465
mol_2125,1.2441527
mol_2126,3.2741423
mol_2127,2.5218284
mol_2128,4.9435673
mol_2129,1.9092462
mol_2130,3.4826446
mol_2131,2.1235414
mol_2132,1.5970932
mol_2133,1.6982197
mol_2134,1.7146531
mol_2135,0.6966203
mol_2136,2.0686808
mol_2137,-0.07228156
mol_2138,5.928417
mol_2139,3.314711
mol_2140,0.30530488
mol_2141,0.7344732
mol_2142,0.9632554
mol_2143,5.883041
mol_2144,1.0584835
mol_2145,2.412271
mol_2146,3.133458
mol_2147,2.1342523
mol_2148,5.089004
mol_2149,3.69343
mol_2150,2.3548374
mol_2151,2.133091
mol_2152,4.6552258
mol_2153,2.040625
mol_2154,6.7163005
mol_2155,1.8294435
mol_2156,4.556814
mol_2157,1.5639681
mol_2158,1.906376
mol_2159,4.216285
mol_2160,2.8503437
mol_2161,1.0069758
mol_2162,3.9048848
mol_2163,2.041942
mol_2164,2.6784334
mol_2165,4.482963
mol_2166,4.2516265
mol_2167,4.2195125
mol_2168,5.919391
mol_2169,3.1160526
mol_2170,1.7949756
mol_2171,-0.15025368
mol_2172,2.0987747
mol_2173,3.4536252
mol_2174,3.9344485
mol_2175,3.263896
mol_2176,1.6875091
mol_2177,5.288262
mol_2178,5.872434
mol_2179,3.407525
mol_2180,1.8962438
mol_2181,1.4271098
mol_2182,2.3598833
mol_2183,1.7229477
mol_2184,2.165047
mol_2185,0.14374188
mol_2186,3.4968271
mol_2187,3.6090217
mol_2188,2.4602664
mol_2189,0.816126
mol_2190,3.0000377
mol_2191,2.7861469
mol_2192,1.9725914
mol_2193,3.4783173
mol_2194,1.1882228
mol_2195,1.8256081
mol_2196,4.5444045
mol_2197,4.0777154
mol_2198,2.4842606
mol_2199,2.5687997
mol_2200,1.6778826
mol_2201,1.5510124
mol_2202,4.187205
mol_2203,3.6044493
mol_2204,1.5165274
mol_2205,3.7735696
mol_2206,1.240429
mol_2207,3.2551327
mol_2208,0.61547506
mol_2209,3.2752805
mol_2210,1.7715441
mol_2211,1.126443
mol_2212,1.558747
mol_2213,1.2255322
mol_2214,3.607292
mol_2215,3.0658221
mol_2216,1.2120763
mol_2217,3.5226412
mol_2218,1.562085
mol_2219,2.1403065
mol_2220,1.7443919
mol_2221,2.146421
mol_2222,2.2061656
mol_2223,1.230862
mol_2224,1.3915505
mol_2225,2.4950292
mol_2226,2.8294563
mol_2227,0.9526615
mol_2228,2.683435
mol_2229,2.3093362
mol_2230,2.4805574
mol_2231,2.0725362
mol_2232,4.2251225
mol_2233,3.9958754
mol_2234,2.8398106
mol_2235,1.2290348
mol_2236,2.4243844
mol_2237,2.907578
mol_2238,1.5222372
mol_2239,4.1249304
mol_2240,3.024239
mol_2241,4.49969
mol_2242,1.9981381
mol_2243,1.6650082
mol_2244,1.289417
mol_2245,2.684169
mol_2246,4.689443
mol_2247,2.9043624
mol_2248,1.1333483
mol_2249,4.5320196
mol_2250,5.0806346
mol_2251,5.132937
mol_2252,1.0511651
mol_2253,1.5564257
mol_2254,4.734775
mol_2255,1.9269714
mol_2256,4.041539
mol_2257,2.553524
mol_2258,2.039924
mol_2259,3.1993213
mol_2260,1.5996231
mol_2261,2.6350508
mol_2262,1.2498142
mol_2263,1.7019738
mol_2264,1.7570934
mol_2265,2.8367655
mol_2266,2.5116823
mol_2267,2.4008126
mol_2268,1.5005637
mol_2269,1.8010546
mol_2270,5.4845743
mol_2271,2.0694978
mol_2272,4.494117
mol_2273,2.9625201
mol_2274,0.8731426
mol_2275,2.23483
mol_2276,1.3632795
mol_2277,2.9223995
mol_2278,2.0844793
mol_2279,1.4758601
mol_2280,0.82272583
mol_2281,0.49227452
mol_2282,2.875472
mol_2283,2.7397628
mol_2284,0.4467406
mol_2285,4.967229
mol_2286,2.8889594
mol_2287,2.2017946
mol_2288,3.3631968
mol_2289,0.67218846
mol_2290,3.8644705
mol_2291,4.692703
mol_2292,1.7195868
mol_2293,2.7707071
mol_2294,2.0051591
mol_2295,1.4650326
mol_2296,2.026662
mol_2297,2.1418078
mol_2298,4.738791
mol_2299,2.3262217
mol_2300,2.3143356
mol_2301,1.4702452
mol_2302,2.2836378
mol_2303,2.8476543
mol_2304,2.2507222
mol_2305,3.1773984
mol_2306,1.5044682
mol_2307,1.673811
mol_2308,0.13116345
mol_2309,3.9412673
mol_2310,3.500957
mol_2311,1.9502647
mol_2312,2.1227894
mol_2313,2.1765482
mol_2314,4.581098
mol_2315,4.2119546
mol_2316,1.1989692
mol_2317,3.1123853
mol_2318,1.602917
mol_2319,2.5957224
mol_2320,1.6818863
mol_2321,5.8550286
mol_2322,3.1167326
mol_2323,3.536107
mol_2324,0.30237797
mol_2325,3.4819262
mol_2326,3.7173288
mol_2327,3.1094456
mol_2328,4.602285
mol_2329,4.3857517
mol_2330,3.747577
mol_2331,3.1440957
mol_2332,4.168261
mol_2333,1.617184
mol_2334,4.6526847
mol_2335,1.6298188
mol_2336,3.9519086
mol_2337,1.849542
mol_2338,4.513608
mol_2339,2.1808276
mol_2340,1.8672203
mol_2341,1.2438867
mol_2342,3.7309146
mol_2343,0.5714271
mol_2344,1.0619847
mol_2345,3.3024561
mol_2346,1.3099492
mol_2347,1.7010387
mol_2348,5.5969872
mol_2349,4.277732
mol_2350,2.8246083
mol_2351,2.242218
mol_2352,2.532209
mol_2353,3.8779142
mol_2354,4.5356827
mol_2355,1.15836
mol_2356,3.1476116
mol_2357,3.5987263
mol_2358,3.7187977
mol_2359,1.7280606
mol_2360,5.0663977
mol_2361,2.141049
mol_2362,6.215569
mol_2363,3.1369867
mol_2364,1.1314297
mol_2365,1.8392535
mol_2366,2.2830102
mol_2367,3.8920803
mol_2368,5.876372
mol_2369,2.4888935
mol_2370,0.990271
mol_2371,1.6811879
mol_2372,3.2548063
mol_2373,4.0915465
mol_2374,2.3963928
mol_2375,3.167272
mol_2376,2.9815354
mol_2377,1.6483995
mol_2378,3.9643743
mol_2379,3.22599
mol_2380,1.6105529
mol_2381,3.1466794
mol_2382,1.2512015
mol_2383,2.396052
mol_2384,1.7271503
mol_2385,0.7091718
mol_2386,4.781414
mol_2387,1.7693957
mol_2388,4.363524
mol_2389,4.3903513
mol_2390,2.4973602
mol_2391,3.4069395
mol_2392,2.4498696
mol_2393,3.581132
mol_2394,5.6339097
mol_2395,1.5271245
mol_2396,1.8916051
mol_2397,2.005132
mol_2398,1.3437177
mol_2399,1.7322612
mol_2400,2.375844
mol_2401,5.0907397
mol_2402,4.5014243
mol_2403,3.7772171
mol_2404,1.8174607
mol_2405,1.8605639
mol_2406,0.93228483
mol_2407,3.6417336
mol_2408,3.5985427
mol_2409,3.6163096
mol_2410,3.987182
mol_2411,2.2672982
mol_2412,2.6022668
mol_2413,2.1346133
mol_2414,3.1295104
mol_2415,1.2366767
mol_2416,4.097445
mol_2417,3.942778
mol_2418,1.6466012
mol_2419,1.7992148
mol_2420,0.53897625
mol_2421,1.2913527
mol_2422,4.400109
mol_2423,1.5951183
mol_2424,3.9927754
mol_2425,1.5672151
mol_2426,2.4077797
mol_2427,0.7797004
mol_2428,4.111877
mol_2429,4.367995
mol_2430,1.4180702
mol_2431,1.9183533
mol_2432,2.456433
mol_2433,4.4483476
mol_2434,2.0738862
mol_2435,0.62315166
mol_2436,1.5905966
mol_2437,6.4726896
mol_2438,1.4967747
mol_2439,2.159058
mol_2440,1.3755896
mol_2441,0.5276584
mol_2442,3.5666814
mol_2443,1.089631
mol_2444,1.5914567
mol_2445,2.5213313
mol_2446,4.9657397
mol_2447,2.2813015
mol_2448,2.054843
mol_2449,4.146549
mol_2450,0.31769696
mol_2451,4.150966
mol_2452,2.635929
mol_2453,2.1279953
mol_2454,4.2418866
mol_2455,5.0874496
mol_2456,1.7376504
mol_2457,1.2985123
mol_2458,1.0810505
mol_2459,1.8430051
mol_2460,1.6826144
mol_2461,2.449988
mol_2462,0.7523507
mol_2463,6.118219
mol_2464,0.8761129
mol_2465,2.8533602
mol_2466,1.4771087
mol_2467,3.8666248
mol_2468,3.6520762
mol_2469,3.551282
mol_2470,1.4821306
mol_2471,1.0437862
mol_2472,3.5398295
mol_2473,1.278681
mol_2474,2.6587925
mol_2475,5.0487456
mol_2476,2.4342551
mol_2477,2.845641
mol_2478,2.8669486
mol_2479,1.8766376
mol_2480,3.3222413
mol_2481,1.397731
mol_2482,0.775566
mol_2483,3.5677533
mol_2484,1.562413
mol_2485,4.1085954
mol_2486,3.9589396
mol_2487,1.3566495
mol_2488,4.436009
mol_2489,2.3520164
mol_2490,1.3032502
mol_2491,1.0919667
mol_2492,1.9003644
mol_2493,2.1038718
mol_2494,2.7814624
mol_2495,0.2201123
mol_2496,1.5055584
mol_2497,0.6729628
mol_2498,4.5945334
mol_2499,1.6553227
mol_2500,4.066736
mol_2501,1.4712547
mol_2502,5.09777
mol_2503,2.3504677
mol_2504,1.5451041
mol_2505,2.5055475
mol_2506,1.4543804
mol_2507,1.7607285
mol_2508,1.7073268
mol_2509,1.0434732
mol_2510,0.7052345
mol_2511,2.8454127
mol_2512,1.3566209
mol_2513,1.4246812
mol_2514,0.9427429
mol_2515,3.7634459
mol_2516,6.002156
mol_2517,4.0441566
mol_2518,2.2706265
mol_2519,0.6834158
mol_2520,1.3643558
mol_2521,2.177456
mol_2522,2.5175807
mol_2523,0.2570549
mol_2524,1.9200932
mol_2525,2.700085
mol_2526,1.546744
mol_2527,4.7760844
mol_2528,3.43851
mol_2529,5.992438
mol_2530,4.5953875
mol_2531,3.046564
mol_2532,3.305128
mol_2533,1.107764
mol_2534,1.419397
mol_2535,1.1779188
mol_2536,1.4866093
mol_2537,2.5616953
mol_2538,1.441733
mol_2539,5.751536
mol_2540,2.4258904
mol_2541,2.2392747
mol_2542,0.9420119
mol_2543,1.7979897
mol_2544,4.1672893
mol_2545,2.3252566
mol_2546,1.39074
mol_2547,3.7242367
mol_2548,3.776637
mol_2549,1.7880231
mol_2550,3.1167207
mol_2551,0.24072209
mol_2552,2.8824518
mol_2553,4.3286877
mol_2554,1.8892225
mol_2555,1.7734516
mol_2556,1.2242148
mol_2557,3.2682185
mol_2558,1.8097311
mol_2559,4.1123433
mol_2560,1.9455999
mol_2561,1.8116432
mol_2562,1.7624676
mol_2563,1.7677048
mol_2564,1.6140219
mol_2565,1.2788647
mol_2566,1.7008361
mol_2567,3.5261142
mol_2568,0.36637256
mol_2569,3.759866
mol_2570,4.189258
mol_2571,4.665523
mol_2572,1.5969721
mol_2573,0.62627363
mol_2574,2.1572006
mol_2575,2.247927
mol_2576,1.2120831
mol_2577,0.07561741
mol_2578,1.3481971
mol_2579,1.7457308
mol_2580,1.6577846
mol_2581,2.5639834
mol_2582,4.839473
mol_2583,3.787014
mol_2584,2.681479
mol_2585,4.7503304
mol_2586,5.3822885
mol_2587,4.106812
mol_2588,3.4739692
mol_2589,1.4914387
mol_2590,4.7475834
mol_2591,1.5420326
mol_2592,3.6397166
mol_2593,0.67949027
mol_2594,1.8000069
mol_2595,0.26198503
mol_2596,3.0217898
mol_2597,3.5379288
mol_2598,1.318978
mol_2599,1.191237
mol_2600,4.208719
mol_2601,2.2449758
mol_2602,0.4431381
mol_2603,2.6323245
mol_2604,4.5009155
mol_2605,2.506825
mol_2606,4.2219152
mol_2607,3.070169
mol_2608,2.6030777
mol_2609,5.4757566
mol_2610,1.7428474
mol_2611,2.0139265
mol_2612,2.90008
mol_2613,1.6922979
mol_2614,3.800885
mol_2615,0.014263041
mol_2616,1.3223652
mol_2617,1.4048504
mol_2618,2.9066086
mol_2619,3.7062883
mol_2620,0.10094652
mol_2621,0.8792068
mol_2622,5.1857157
mol_2623,1.215239
mol_2624,6.4899
mol_2625,5.3094764
mol_2626,2.922136
mol_2627,0.42976633
mol_2628,2.8649158
mol_2629,3.6681051
mol_2630,1.0574559
mol_2631,2.1001937
mol_2632,3.7111769
mol_2633,1.3230017
mol_2634,2.9612217
mol_2635,1.1934443
mol_2636,3.5812185
mol_2637,0.7445957
mol_2638,1.58577
mol_2639,5.621591
mol_2640,2.6804857
mol_2641,4.903639
mol_2642,2.825749
mol_2643,2.9256291
mol_2644,2.327362
mol_2645,0.69080037
mol_2646,3.471235
mol_2647,2.3244295
mol_2648,5.96008
mol_2649,3.2894144
mol_2650,2.7223864
mol_2651,1.3912452
mol_2652,2.1674304
mol_2653,1.5659393
mol_2654,1.529909
mol_2655,3.1907215
mol_2656,1.489596
mol_2657,1.4967382
mol_2658,0.42239395
mol_2659,4.769859
mol_2660,3.0593743
mol_2661,4.1559453
mol_2662,1.5451025
mol_2663,1.2218074
mol_2664,2.1588423
mol_2665,3.359663
mol_2666,2.9544787
mol_2667,1.2875489
mol_2668,1.9899731
mol_2669,2.2640233
mol_2670,2.7437553
mol_2671,3.4146354
mol_2672,4.516538
mol_2673,0.22280201
mol_2674,1.5548048
mol_2675,4.665264
mol_2676,1.666921
mol_2677,1.1363386
mol_2678,2.1263876
mol_2679,3.14392
mol_2680,0.9362772
mol_2681,2.6094718
mol_2682,2.9326677
mol_2683,1.2384168
mol_2684,1.5051131
mol_2685,4.4020667
mol_2686,1.4228165
mol_2687,0.3312467
mol_2688,1.7609282
mol_2689,4.330882
mol_2690,1.6030099
mol_2691,3.8118882
mol_2692,2.4842272
mol_2693,2.9319425
mol_2694,5.2014546
mol_2695,4.126726
mol_2696,1.5752708
mol_2697,2.401051
mol_2698,2.4519691
mol_2699,3.8140888
mol_2700,2.5387287
mol_2701,4.578819
mol_2702,5.013721
mol_2703,1.4981056
mol_2704,4.486763
mol_2705,1.7241918
mol_2706,2.809804
mol_2707,3.156615
mol_2708,3.9674249
mol_2709,3.4729385
mol_2710,2.522162
mol_2711,4.771173
mol_2712,1.6798351
mol_2713,1.7153507
mol_2714,1.5221076
mol_2715,2.2624998
mol_2716,3.0360909
mol_2717,2.9257872
mol_2718,2.931422
mol_2719,3.463155
mol_2720,1.0814391
mol_2721,0.65823805
mol_2722,1.9678762
mol_2723,2.5895736
mol_2724,2.1723814
mol_2725,4.341558
mol_2726,1.9372817
mol_2727,0.33902892
mol_2728,1.8418916
mol_2729,4.478291
mol_2730,1.4057044
mol_2731,2.3700862
mol_2732,1.7157474
mol_2733,1.5042934
mol_2734,3.7716713
mol_2735,1.6544596
mol_2736,5.223042
mol_2737,3.6423733
mol_2738,5.5762577
mol_2739,4.290484
mol_2740,3.8441086
mol_2741,1.5954229
mol_2742,3.2092342
mol_2743,6.3310056
mol_2744,2.5451713
mol_2745,3.6139605
mol_2746,2.0639207
mol_2747,1.8602303
mol_2748,2.8226552
mol_2749,3.4644108
mol_2750,1.3487594
mol_2751,2.9620373
mol_2752,5.142965
mol_2753,1.1824107
mol_2754,1.4868201
mol_2755,3.5837483
mol_2756,4.4992375
mol_2757,2.3823795
mol_2758,1.8401327
mol_2759,4.319868
mol_2760,4.812714
mol_2761,3.2828102
mol_2762,1.6031686
mol_2763,2.6472034
mol_2764,2.5512843
mol_2765,0.8996419
mol_2766,0.74261653
mol_2767,1.8905692
mol_2768,0.9167698
mol_2769,3.7116635
mol_2770,3.7569046
mol_2771,0.7653442
mol_2772,1.8498412
mol_2773,3.047876
mol_2774,1.866736
mol_2775,2.2565382
mol_2776,5.238915
mol_2777,1.5936584
mol_2778,3.209686
mol_2779,3.0411568
mol_2780,1.8752906
mol_2781,2.5412054
mol_2782,1.8602788
mol_2783,0.6393462
mol_2784,1.4921772
mol_2785,1.4746242
mol_2786,4.5599647
mol_2787,1.9941117
mol_2788,2.3487635
mol_2789,3.518053
mol_2790,0.8899448
mol_2791,1.5885206
mol_2792,3.7154324
mol_2793,1.7611129
mol_2794,0.4567789
mol_2795,2.469046
mol_2796,0.6097192
mol_2797,2.8985205
mol_2798,1.5470022
mol_2799,1.3645095
mol_2800,2.779284
mol_2801,3.3738701
mol_2802,4.633134
mol_2803,0.9307429
mol_2804,2.2409587
mol_2805,3.4816542
mol_2806,1.7744766
mol_2807,2.9398184
mol_2808,4.6614356
mol_2809,1.4877567
mol_2810,1.4945959
mol_2811,1.1158334
mol_2812,5.651647
mol_2813,-0.11186614
mol_2814,1.7572919
mol_2815,1.9093949
mol_2816,6.402659
mol_2817,1.9198259
mol_2818,2.579062
mol_2819,2.2101943
mol_2820,1.5562419
mol_2821,4.819859
mol_2822,1.5680162
mol_2823,1.5013689
mol_2824,1.6271948
mol_2825,1.5906845
mol_2826,3.2432704
mol_2827,1.664863
mol_2828,3.497419
mol_2829,2.402083
mol_2830,0.97682124
mol_2831,1.6791706
mol_2832,1.4063103
mol_2833,0.69058037
mol_2834,3.2394242
mol_2835,2.199915
mol_2836,0.20529863
mol_2837,4.5499864
mol_2838,1.6944411
mol_2839,2.270667
mol_2840,3.0335028
mol_2841,1.6665671
mol_2842,3.9068365
mol_2843,3.4687886
mol_2844,1.814855
mol_2845,4.285185
mol_2846,2.0033946
mol_2847,2.2825148
mol_2848,1.5130727
mol_2849,1.7451462
mol_2850,3.7154462
mol_2851,2.9831524
mol_2852,3.621201
mol_2853,2.6441755
mol_2854,2.7145123
mol_2855,1.423964
mol_2856,1.0623565
mol_2857,3.9091706
mol_2858,4.3052692
mol_2859,3.5807433
mol_2860,1.3825567
mol_2861,0.9686825
mol_2862,4.6923375
mol_2863,3.2408774
mol_2864,4.749571
mol_2865,2.7848887
mol_2866,3.8763456
mol_2867,1.4339832
mol_2868,1.8343507
mol_2869,2.410798
mol_2870,1.2158608
mol_2871,0.55187464
mol_2872,1.9785191
mol_2873,1.3558902
mol_2874,2.5423384
mol_2875,1.6365796
mol_2876,1.1562736
mol_2877,1.19883
mol_2878,5.2387843
mol_2879,0.6261129
mol_2880,0.9920577
mol_2881,0.5632925
mol_2882,1.2493097
mol_2883,2.8503249
mol_2884,4.4788055
mol_2885,4.969912
mol_2886,1.9954418
mol_2887,1.0224048
mol_2888,2.9189818
mol_2889,2.6570501
mol_2890,5.207237
mol_2891,0.9928658
mol_2892,1.2989517
mol_2893,2.4118428
mol_2894,6.892364
mol_2895,4.741635
mol_2896,0.4714245
mol_2897,3.5293763
mol_2898,1.5016431
mol_2899,3.37214
mol_2900,1.6398095
mol_2901,1.3401539
mol_2902,1.8321848
mol_2903,0.77197444
mol_2904,3.2317677
mol_2905,5.390391
mol_2906,2.2910466
mol_2907,2.5008185
mol_2908,2.9690735
mol_2909,2.2007432
mol_2910,0.8373964
mol_2911,1.8519375
mol_2912,3.9268591
mol_2913,2.527886
mol_2914,3.7061572
mol_2915,4.085628
mol_2916,2.637805
mol_2917,2.7628636
mol_2918,4.616409
mol_2919,3.0380368
mol_2920,1.7237997
mol_2921,1.9005287
mol_2922,1.5629967
mol_2923,1.3961257
mol_2924,3.9720426
mol_2925,1.289929
mol_2926,2.4020689
mol_2927,2.4376292
mol_2928,2.5935063
mol_2929,4.8889656
mol_2930,5.1705074
mol_2931,3.0558367
mol_2932,1.4423724
mol_2933,1.7703305
mol_2934,3.629068
mol_2935,0.35775593
mol_2936,2.399775
mol_2937,2.4057403
mol_2938,1.3626148
mol_2939,4.195794
mol_2940,3.133377
mol_2941,0.9867374
mol_2942,1.6030608
mol_2943,1.9800128
mol_2944,1.2221283
mol_2945,1.9517852
mol_2946,1.2423133
mol_2947,1.4001248
mol_2948,0.16600356
mol_2949,4.4069505
mol_2950,1.0379713
mol_2951,3.062739
mol_2952,5.1361346
mol_2953,5.6354365
mol_2954,4.586017
mol_2955,5.1087985
mol_2956,4.200725
mol_2957,2.6090434
mol_2958,1.9901966
mol_2959,3.678838
mol_2960,1.7806431
mol_2961,1.9360275
mol_2962,2.476911
mol_2963,3.1753435
mol_2964,2.4948072
mol_2965,1.9920566
mol_2966,1.1031433
mol_2967,3.2724054
mol_2968,1.9764961
mol_2969,1.8240031
mol_2970,3.7227893
mol_2971,1.8511001
mol_2972,1.8423114
mol_2973,1.6613164
mol_2974,4.3275905
mol_2975,5.447214
mol_2976,1.7512552
mol_2977,1.408764
mol_2978,0.921241
mol_2979,1.9351722
mol_2980,4.0107226
mol_2981,2.1587493
mol_2982,1.5375632
mol_2983,1.1209713
mol_2984,2.644611
mol_2985,2.7092383
mol_2986,2.5582082
mol_2987,1.091533
mol_2988,3.5058975
mol_2989,2.0718896
mol_2990,1.574239
mol_2991,5.5992517
mol_2992,1.7736776
mol_2993,2.3611765
mol_2994,2.6184466
mol_2995,0.7248111
mol_2996,1.3263768
mol_2997,3.2600718
mol_2998,3.2340503
mol_2999,2.7577875
mol_3000,1.8371501
mol_3001,1.7990981
mol_3002,2.0376844
mol_3003,0.9936985
mol_3004,1.6608726
mol_3005,1.744517
mol_3006,1.7307569
mol_3007,4.7611265
mol_3008,0.21633837
mol_3009,2.9045072
mol_3010,2.9636674
mol_3011,2.672251
mol_3012,1.7152337
mol_3013,2.349813
mol_3014,2.8490894
mol_3015,4.1524534
mol_3016,5.352576
mol_3017,4.0741153
mol_3018,3.907404
mol_3019,1.7855971
mol_3020,2.7653973
mol_3021,1.7385811
mol_3022,1.8455501
mol_3023,3.085802
mol_3024,5.059155
mol_3025,1.763784
mol_3026,2.932253
mol_3027,0.9238446
mol_3028,1.9878622
mol_3029,2.613826
mol_3030,1.4780251
mol_3031,1.7381184
mol_3032,3.7878985
mol_3033,2.0317287
mol_3034,1.2965859
mol_3035,2.194295
mol_3036,1.286533
mol_3037,4.701173
mol_3038,3.797108
mol_3039,3.018512
mol_3040,6.408648
mol_3041,1.5768725
mol_3042,0.5716341
mol_3043,2.4980378
mol_3044,3.2013524
mol_3045,1.7153227
mol_3046,0.98177284
mol_3047,1.764349
mol_3048,5.1279454
mol_3049,1.4798721
mol_3050,0.8983535
mol_3051,2.7398973
mol_3052,5.709644
mol_3053,2.2337198
mol_3054,4.6609974
mol_3055,2.8583493
mol_3056,3.4302983
mol_3057,5.0828934
mol_3058,0.11894179
mol_3059,3.1470823
mol_3060,1.3406736
mol_3061,3.631282
mol_3062,5.4337144
mol_3063,3.8344123
mol_3064,2.8919632
mol_3065,1.9249218
mol_3066,1.9522909
mol_3067,2.3334413
mol_3068,1.5534085
mol_3069,4.900643
mol_3070,3.3332934
mol_3071,1.9929168
mol_3072,1.1885756
mol_3073,3.9479315
mol_3074,3.011868
mol_3075,1.1673342
mol_3076,0.30945867
mol_3077,2.0855563
mol_3078,2.848545
mol_3079,1.3004233
mol_3080,1.4925007
mol_3081,0.87427723
mol_3082,1.3870049
mol_3083,0.481559
mol_3084,2.453352
mol_3085,1.32892
mol_3086,4.538208
mol_3087,1.6741499
mol_3088,0.36969337
mol_3089,1.8091415
mol_3090,1.5463234
mol_3091,2.833521
mol_3092,1.245808
mol_3093,2.3074622
mol_3094,3.5393329
mol_3095,5.525576
mol_3096,3.3827462
mol_3097,2.0718298
mol_3098,4.2535233
mol_3099,0.6434185
mol_3100,1.5674212
mol_3101,1.7537037
mol_3102,5.13653
mol_3103,1.8851019
mol_3104,0.8854964
mol_3105,2.4754446
mol_3106,2.203027
mol_3107,2.2412899
mol_3108,1.742713
mol_3109,2.0956764
mol_3110,1.4591447
mol_3111,2.6650198
mol_3112,2.775755
mol_3113,3.9394226
mol_3114,2.4561398
mol_3115,3.2778347
mol_3116,3.8712687
mol_3117,1.8765594
mol_3118,1.2602552
mol_3119,3.25558
mol_3120,2.0316877
mol_3121,1.0487567
mol_3122,0.8389783
mol_3123,1.1043864
mol_3124,2.0640166
mol_3125,1.3604294
mol_3126,0.56787694
mol_3127,1.4315978
mol_3128,4.0762587
mol_3129,1.4639775
mol_3130,3.3417404
mol_3131,2.4281645
mol_3132,4.9050136
mol_3133,2.0311346
mol_3134,4.039684
mol_3135,3.6268644
mol_3136,1.9976872
mol_3137,1.952547
mol_3138,1.2978987
mol_3139,1.5216905
mol_3140,2.93117
mol_3141,2.5640552
mol_3142,0.9762078
mol_3143,4.1917467
mol_3144,3.0127242
mol_3145,3.925575
mol_3146,2.2350936
mol_3147,3.7779112
mol_3148,2.2108798
mol_3149,1.9910136
mol_3150,1.314273
mol_3151,4.4067006
mol_3152,2.23159
mol_3153,4.4126825
mol_3154,2.994102
mol_3155,5.00676
mol_3156,3.9555125
mol_3157,1.9137532
mol_3158,1.2001162
mol_3159,1.6518785
mol_3160,1.780476
mol_3161,5.2248983
mol_3162,0.2958
mol_3163,1.9951438
mol_3164,1.2973558
mol_3165,0.76115465
mol_3166,6.3469343
mol_3167,1.898029
mol_3168,2.4398365
mol_3169,2.1100016
mol_3170,3.2594862
mol_3171,2.5907154
mol_3172,0.7913797
mol_3173,2.272972
mol_3174,4.070239
mol_3175,2.7765515
mol_3176,5.5871644
mol_3177,2.2978845
mol_3178,0.46743247
mol_3179,2.8440065
mol_3180,4.374371
mol_3181,2.792547
mol_3182,1.7045325
mol_3183,2.6135097
mol_3184,1.1143485
mol_3185,3.7413325
mol_3186,0.1182035
mol_3187,3.1427612
mol_3188,1.1227804
mol_3189,2.081455
mol_3190,1.4696155
mol_3191,1.8785604
mol_3192,5.504764
mol_3193,2.6298068
mol_3194,2.5152955
mol_3195,1.7771705
mol_3196,2.0513198
mol_3197,3.0733092
mol_3198,2.7662954
mol_3199,1.4156278
mol_3200,1.1170182
mol_3201,0.9778701
mol_3202,1.6927755
mol_3203,1.6895448
mol_3204,1.3809218
mol_3205,2.9069695
mol_3206,1.3151553
mol_3207,2.5560946
mol_3208,2.1396074
mol_3209,2.098141
mol_3210,1.6583195
mol_3211,1.9064606
mol_3212,2.1745691
mol_3213,3.2902374
mol_3214,1.0134295
mol_3215,4.071975
mol_3216,3.5642562
mol_3217,1.4318653
mol_3218,2.3358264
mol_3219,3.873302
mol_3220,3.5491278
mol_3221,2.1152406
mol_3222,2.2904327
mol_3223,2.6454415
mol_3224,2.2816176
mol_3225,1.6254038
mol_3226,2.3662605
mol_3227,2.972416
mol_3228,2.7251177
mol_3229,1.7308856
mol_3230,2.0568838
mol_3231,5.2592707
mol_3232,4.5467753
mol_3233,1.6384565
mol_3234,1.8796123
mol_3235,4.968884
mol_3236,4.963653
mol_3237,3.7762313
mol_3238,1.4826547
mol_3239,3.9761868
mol_3240,3.4480581
mol_3241,1.1739717
mol_3242,2.6227832
mol_3243,1.0215297
mol_3244,1.9687572
mol_3245,2.4376469
mol_3246,2.3962245
mol_3247,2.640796
mol_3248,3.6668746
mol_3249,1.7967244
mol_3250,5.2263656
mol_3251,5.3693285
mol_3252,0.715403
mol_3253,4.27604
mol_3254,2.9693139
mol_3255,4.2818007
mol_3256,1.6568745
mol_3257,1.6778544
mol_3258,1.3878056
mol_3259,2.6537175
mol_3260,1.5019349
mol_3261,1.2015222
mol_3262,2.80043
mol_3263,2.7322726
mol_3264,1.2046278
mol_3265,4.2639065
mol_3266,2.3540306
mol_3267,4.600521
mol_3268,5.1690183
mol_3269,2.1135077
mol_3270,2.89505
mol_3271,1.708702
mol_3272,2.3855448
mol_3273,1.4645187
mol_3274,0.47788057
mol_3275,1.7188001
mol_3276,4.0984297
mol_3277,1.0783939
mol_3278,3.2583997
mol_3279,4.2269053
mol_3280,4.6164794
mol_3281,4.136288
mol_3282,1.0151608
mol_3283,3.038614
mol_3284,1.6098368
mol_3285,3.7039738
mol_3286,2.8053656
mol_3287,4.4314284
mol_3288,1.6570395
mol_3289,5.4881625
mol_3290,1.1711531
mol_3291,3.513082
mol_3292,0.8613223
mol_3293,5.488002
mol_3294,2.1957011
mol_3295,1.8840567
mol_3296,0.7448571
mol_3297,2.3638363
mol_3298,3.0168653
mol_3299,1.2581153
mol_3300,1.3219656
mol_3301,3.688004
mol_3302,3.9585922
mol_3303,2.4622633
mol_3304,3.0232246
mol_3305,4.2645445
mol_3306,3.5487862
mol_3307,3.3306022
mol_3308,1.050218
mol_3309,1.6151611
mol_3310,1.0716568
mol_3311,4.48732
mol_3312,2.9269211
mol_3313,0.9670373
mol_3314,2.3426752
mol_3315,2.7217116
mol_3316,2.610282
mol_3317,1.9136243
mol_3318,5.467985
mol_3319,3.0533164
mol_3320,2.739197
mol_3321,1.2817819
mol_3322,2.8367496
mol_3323,0.2918177
mol_3324,2.9192972
mol_3325,2.9889975
mol_3326,1.4629041
mol_3327,4.170298
mol_3328,2.6640189
mol_3329,0.5089669
mol_3330,1.5978843
mol_3331,3.917511
mol_3332,1.9909984
mol_3333,0.5083434
mol_3334,1.5895956
mol_3335,1.7757775
mol_3336,0.1922827
mol_3337,2.155476
mol_3338,0.3328006
mol_3339,3.842321
mol_3340,3.052437
mol_3341,3.5493183
mol_3342,4.348701
mol_3343,1.1527056
mol_3344,4.0283446
mol_3345,3.448245
mol_3346,1.2950977
mol_3347,1.428535
mol_3348,2.5688357
mol_3349,3.9497862
mol_3350,2.6617866
mol_3351,4.6823287
mol_3352,2.581358
mol_3353,3.2551892
mol_3354,5.25255
mol_3355,4.7007656
mol_3356,1.2995209
mol_3357,1.9255642
mol_3358,1.5365874
mol_3359,1.6665914
mol_3360,0.8977184
mol_3361,3.5912175
mol_3362,4.953611
mol_3363,2.6447396
mol_3364,2.2049217
mol_3365,5.622407
mol_3366,1.7659296
mol_3367,2.1182692
mol_3368,4.487422
mol_3369,2.541273
mol_3370,4.0600567
mol_3371,2.2663863
mol_3372,2.1396053
mol_3373,1.8668867
mol_3374,1.695
mol_3375,2.5596783
mol_3376,3.0465481
mol_3377,1.0313469
mol_3378,1.8921735
mol_3379,3.6121788
mol_3380,1.9770129
mol_3381,1.4888338
mol_3382,3.9741373
mol_3383,3.1337063
mol_3384,1.8328562
mol_3385,2.1049354
mol_3386,1.2660059
mol_3387,2.271648
mol_3388,1.9853026
mol_3389,4.139033
mol_3390,4.073593
mol_3391,4.095858
mol_3392,2.8128471
mol_3393,3.611652
mol_3394,2.5391693
mol_3395,1.50819
mol_3396,2.064851
mol_3397,1.4632674
mol_3398,2.205905
mol_3399,6.056673
mol_3400,1.1275107
mol_3401,2.6595492
mol_3402,3.1518583
mol_3403,1.1307698
mol_3404,3.9330764
mol_3405,1.2465956
mol_3406,2.0755522
mol_3407,2.0190299
mol_3408,2.213104
mol_3409,5.701367
mol_3410,4.6247115
mol_3411,3.5264487
mol_3412,4.2539544
mol_3413,1.6983464
mol_3414,2.2781248
mol_3415,4.0856147
mol_3416,0.85930747
mol_3417,1.7629406
mol_3418,1.5366645
mol_3419,2.2222693
mol_3420,2.2839177
mol_3421,1.5792173
mol_3422,3.5326943
mol_3423,1.6204866
mol_3424,2.2043343
mol_3425,4.0693316
mol_3426,4.3641634
mol_3427,1.4103259
mol_3428,2.8981295
mol_3429,1.329233
mol_3430,1.8148249
mol_3431,1.9937603
mol_3432,1.8932948
mol_3433,2.0794783
mol_3434,2.9507763
mol_3435,3.7356708
mol_3436,1.5752928
mol_3437,1.9455601
mol_3438,2.1827977
mol_3439,3.3601453
mol_3440,2.985066
mol_3441,3.3931391
mol_3442,2.2883987
mol_3443,1.2723882
mol_3444,1.9541373
mol_3445,1.3773612
mol_3446,3.2934813
mol_3447,2.8444722
mol_3448,3.8030858
mol_3449,1.9586669
mol_3450,3.5253785
mol_3451,0.82227206
mol_3452,2.1002727
mol_3453,0.6397488
mol_3454,0.108742274
mol_3455,0.76768714
mol_3456,2.763794
mol_3457,2.8837237
mol_3458,1.934088
mol_3459,2.809701
mol_3460,3.635159
mol_3461,1.325332
mol_3462,0.554283
mol_3463,1.5171622
mol_3464,5.4569836
mol_3465,4.4566293
mol_3466,1.6789831
mol_3467,2.3882134
mol_3468,2.4369571
mol_3469,6.1747947
mol_3470,1.6439788
mol_3471,1.674681
mol_3472,4.201735
mol_3473,2.6179569
mol_3474,1.2348856
mol_3475,3.4349856
mol_3476,1.9727821
mol_3477,6.2389746
mol_3478,2.380364
mol_3479,2.291588
mol_3480,2.9552526
mol_3481,1.744371
mol_3482,0.16711685
mol_3483,0.98321927
mol_3484,1.6830729
mol_3485,1.7275074
mol_3486,1.4822195
mol_3487,3.3769517
mol_3488,1.2117363
mol_3489,2.7297046
mol_3490,2.8712883
mol_3491,2.4136355
mol_3492,3.2082815
mol_3493,2.246964
mol_3494,2.8717537
mol_3495,5.032044
mol_3496,3.6768622
mol_3497,3.969292
mol_3498,2.3396094
mol_3499,1.533446
mol_3500,3.460762
mol_3501,0.9810878
mol_3502,3.5361273
mol_3503,0.19438156
mol_3504,2.0302348
mol_3505,1.4460677
mol_3506,2.660672
mol_3507,5.1600423
mol_3508,4.9003053
mol_3509,1.7840838
mol_3510,4.4265976
mol_3511,5.6806936
mol_3512,1.1455103
mol_3513,2.119886
mol_3514,3.4699926
mol_3515,2.8674107
mol_3516,2.1214702
mol_3517,1.1194593
mol_3518,0.30246004
mol_3519,4.208608
mol_3520,2.5090322
mol_3521,3.5799162
mol_3522,3.6427274
mol_3523,4.7777557
mol_3524,0.8345799
mol_3525,4.2272
mol_3526,2.6298623
mol_3527,2.318346
mol_3528,1.7174263
mol_3529,2.4574587
mol_3530,2.0844934
mol_3531,2.7805018
mol_3532,2.793508
mol_3533,1.835245
mol_3534,1.2532699
mol_3535,1.6892844
mol_3536,2.9688442
mol_3537,5.5324807
mol_3538,1.9183403
mol_3539,1.8579736
mol_3540,2.8852694
mol_3541,0.7240544
mol_3542,1.6747806
mol_3543,1.6658663
mol_3544,1.8407999
mol_3545,2.9139638
mol_3546,1.1472551
mol_3547,2.4741268
mol_3548,4.611261
mol_3549,3.0479105
mol_3550,2.5214956
mol_3551,3.544731
mol_3552,3.2935026
mol_3553,0.9710241
mol_3554,1.3460587
mol_3555,1.4570369
mol_3556,2.4876046
mol_3557,1.3450179
mol_3558,3.1015358
mol_3559,3.827316
mol_3560,1.7488319
mol_3561,2.589107
mol_3562,1.3270048
mol_3563,0.9407114
mol_3564,3.2101855
mol_3565,1.8196995
mol_3566,4.0946474
mol_3567,2.6393092
mol_3568,3.6801224
mol_3569,4.6309223
mol_3570,1.5625775
mol_3571,1.320378
mol_3572,2.7495952
mol_3573,3.3582864
mol_3574,1.4301314
mol_3575,2.1856592
mol_3576,2.8730505
mol_3577,0.36960933
mol_3578,0.44119355
mol_3579,1.3916347
mol_3580,1.2111701
mol_3581,1.3778684
mol_3582,3.110046
mol_3583,1.8182263
mol_3584,2.6559215
mol_3585,3.3413632
mol_3586,2.4166148
mol_3587,1.3756769
mol_3588,2.9748917
mol_3589,2.984568
mol_3590,0.79193497
mol_3591,2.166956
mol_3592,1.7550097
mol_3593,1.6300544
mol_3594,0.97130066
mol_3595,2.657219
mol_3596,0.142003
mol_3597,2.0869687
mol_3598,1.0250782
mol_3599,4.259432
mol_3600,1.2690357
mol_3601,0.5806195
mol_3602,2.3883643
mol_3603,1.4005355
mol_3604,3.0180168
mol_3605,2.5846353
mol_3606,4.229891
mol_3607,2.3074608
mol_3608,2.135076
mol_3609,3.8478096
mol_3610,4.1676035
mol_3611,1.3247827
mol_3612,5.3103595
mol_3613,3.3632808
mol_3614,1.6012342
mol_3615,3.9244945
mol_3616,3.6025696
mol_3617,5.621658
mol_3618,1.1597543
mol_3619,1.604524
mol_3620,1.4276165
mol_3621,1.882765
mol_3622,4.2619734
mol_3623,2.275104
mol_3624,2.9846857
mol_3625,3.8172238
mol_3626,4.3255486
mol_3627,1.728351
mol_3628,2.045679
mol_3629,4.1709857
mol_3630,3.0243924
mol_3631,2.0186408
mol_3632,1.0272764
mol_3633,4.345025
mol_3634,2.1604924
mol_3635,0.3046275
mol_3636,1.5214553
mol_3637,1.3368931
mol_3638,3.5626023
mol_3639,5.5133395
mol_3640,1.121555
mol_3641,4.753925
mol_3642,1.4366386
mol_3643,2.113777
mol_3644,3.1976383
mol_3645,1.0660007
mol_3646,2.7397726
mol_3647,0.93049127
mol_3648,4.6406894
mol_3649,1.5686833
mol_3650,2.3545177
mol_3651,1.6691558
mol_3652,3.0888026
mol_3653,1.5335053
mol_3654,3.5261457
mol_3655,0.04201112
mol_3656,1.3096993
mol_3657,1.2067307
mol_3658,2.645263
mol_3659,1.4136982
mol_3660,5.6289043
mol_3661,3.3071904
mol_3662,0.21484593
mol_3663,2.0254939
mol_3664,3.0647342
mol_3665,4.355088
mol_3666,5.5430074
mol_3667,2.0282462
mol_3668,2.5708818
mol_3669,2.1946714
mol_3670,1.4383215
mol_3671,1.7292274
mol_3672,6.0042953
mol_3673,2.2305636
mol_3674,1.4497589
mol_3675,5.2151737
mol_3676,1.8340496
mol_3677,1.1163073
mol_3678,1.175827
mol_3679,6.0764265
mol_3680,0.7725817
mol_3681,1.4629624
mol_3682,2.094747
mol_3683,4.1854978
mol_3684,3.8729377
mol_3685,2.1948218
mol_3686,1.5967911
mol_3687,3.3766274
mol_3688,2.3477345
mol_3689,3.9963827
mol_3690,1.2444725
mol_3691,2.735255
mol_3692,1.9246492
mol_3693,3.947386
mol_3694,3.4169745
mol_3695,2.730803
mol_3696,1.184867
mol_3697,2.8360796
mol_3698,2.2746153
mol_3699,1.5037762
mol_3700,2.2398944
mol_3701,1.9189619
mol_3702,3.3650548
mol_3703,1.0332073
mol_3704,1.3341252
mol_3705,3.4669018
mol_3706,0.432549
mol_3707,2.300485
mol_3708,4.0186515
mol_3709,2.9717739
mol_3710,1.5577413
mol_3711,2.4411614
mol_3712,1.8091675
mol_3713,2.6489515
mol_3714,0.88095814
mol_3715,3.4813344
mol_3716,1.9329222
mol_3717,1.1656829
mol_3718,4.535416
mol_3719,2.2653966
mol_3720,2.73759
mol_3721,1.4503502
mol_3722,1.5815452
mol_3723,1.7083874
mol_3724,4.352147
mol_3725,1.6172521
mol_3726,1.754437
mol_3727,0.93668795
mol_3728,2.1654205
mol_3729,3.807638
mol_3730,3.6638904
mol_3731,0.82647586
mol_3732,1.2424182
mol_3733,3.7283792
mol_3734,2.525821
mol_3735,2.2057467
mol_3736,3.1480021
mol_3737,1.6654341
mol_3738,1.3088329
mol_3739,4.3121095
mol_3740,3.7607915
mol_3741,3.8440168
mol_3742,4.7288513
mol_3743,3.7903793
mol_3744,4.716068
mol_3745,2.045924
mol_3746,4.6605573
mol_3747,2.907783
mol_3748,1.119618
mol_3749,3.8705935
mol_3750,2.7049222
mol_3751,1.794782
mol_3752,2.7428288
mol_3753,2.1789618
mol_3754,4.004064
mol_3755,2.8448114
mol_3756,4.18038
mol_3757,5.741433
mol_3758,1.8646076
mol_3759,1.4857215
mol_3760,0.36878082
mol_3761,3.8807483
mol_3762,1.1030518
mol_3763,2.4705923
mol_3764,3.1299343
mol_3765,3.9546654
mol_3766,2.2028937
mol_3767,2.593396
mol_3768,2.8631928
mol_3769,1.1175238
mol_3770,2.401215
mol_3771,3.164516
mol_3772,5.0146413
mol_3773,3.8190958
mol_3774,1.196713
mol_3775,3.6857452
mol_3776,6.7009254
mol_3777,2.643918
mol_3778,1.1432544
mol_3779,0.9999291
mol_3780,2.623137
mol_3781,1.7761887
mol_3782,3.9214826
mol_3783,2.9604573
mol_3784,1.3619385
mol_3785,0.586162
mol_3786,0.37109676
mol_3787,1.7047312
mol_3788,4.101261
mol_3789,0.3180239
mol_3790,1.7409104
mol_3791,3.6121597
mol_3792,2.4356713
mol_3793,3.9116166
mol_3794,4.4365234
mol_3795,1.6478409
mol_3796,1.8624508
mol_3797,2.002819
mol_3798,1.3153517
mol_3799,0.9548165
mol_3800,2.458993
mol_3801,2.378179
mol_3802,1.8823178
mol_3803,3.0093756
mol_3804,1.1771687
mol_3805,2.4230204
mol_3806,1.2132069
mol_3807,0.8986482
mol_3808,2.8627172
mol_3809,1.4198216
mol_3810,2.7014282
mol_3811,1.9647213
mol_3812,3.5344417
mol_3813,1.5803949
mol_3814,2.7132926
mol_3815,1.9024572
mol_3816,0.8527841
mol_3817,6.109154
mol_3818,3.549869
mol_3819,3.1756105
mol_3820,3.4657598
mol_3821,2.041758
mol_3822,1.3261892
mol_3823,1.9753541
mol_3824,1.3589138
mol_3825,1.9545304
mol_3826,1.4387238
mol_3827,2.6237783
mol_3828,1.7262099
mol_3829,2.1221764
mol_3830,0.5494578
mol_3831,1.355728
mol_3832,1.8271573
mol_3833,2.417018
mol_3834,4.0404882
mol_3835,3.0424953
mol_3836,2.881566
mol_3837,2.8047576
mol_3838,2.7236865
mol_3839,5.6150126
mol_3840,1.9730264
mol_3841,3.1685963
mol_3842,2.4263225
mol_3843,1.9908439
mol_3844,3.8919883
mol_3845,4.7731423
mol_3846,0.3733633
mol_3847,2.0032349
mol_3848,3.46662
mol_3849,4.069537
mol_3850,3.080182
mol_3851,4.449555
mol_3852,2.0383985
mol_3853,2.019333
mol_3854,2.3888423
mol_3855,4.132163
mol_3856,1.3299267
mol_3857,2.7349708
mol_3858,5.414622
mol_3859,0.9576245
mol_3860,0.3034912
mol_3861,4.272223
mol_3862,1.0945762
mol_3863,0.5772876
mol_3864,1.6638145
mol_3865,3.7292318
mol_3866,8.915261
mol_3867,2.9492512
mol_3868,3.9863582
mol_3869,0.9980097
mol_3870,0.1306352
mol_3871,1.0667584
mol_3872,3.663486
mol_3873,1.2162457
mol_3874,0.95774966
mol_3875,1.3256748
mol_3876,2.6082387
mol_3877,1.3910381
mol_3878,2.7016602
mol_3879,4.400417
mol_3880,0.17247209
mol_3881,1.7943996
mol_3882,1.7518123
mol_3883,2.3637166
mol_3884,3.0020685
mol_3885,2.6460154
mol_3886,1.3799158
mol_3887,2.3694787
mol_3888,4.373882
mol_3889,3.8924184
mol_3890,1.8810605
mol_3891,1.7623678
mol_3892,2.2968287
mol_3893,4.2409897
mol_3894,1.3533586
mol_3895,2.3473182
mol_3896,1.076316
mol_3897,2.7051673
mol_3898,0.92788523
mol_3899,2.9434042
mol_3900,1.9678906
mol_3901,1.0370234
mol_3902,2.07382
mol_3903,1.3631545
mol_3904,2.357426
mol_3905,3.5264237
mol_3906,2.2135162
mol_3907,0.8174757
mol_3908,3.128063
mol_3909,3.7698176
mol_3910,4.2912183
mol_3911,4.1363053
mol_3912,2.354828
mol_3913,3.5880184
mol_3914,4.60541
mol_3915,1.3128912
mol_3916,2.982865
mol_3917,1.1121694
mol_3918,4.2531333
mol_3919,2.4562
mol_3920,1.7152904
mol_3921,3.8537188
mol_3922,4.2717676
mol_3923,0.9804347
mol_3924,2.8817465
mol_3925,3.6732576
mol_3926,2.7646828
mol_3927,1.6330172
mol_3928,0.5791217
mol_3929,3.8268192
mol_3930,2.0711057
mol_3931,4.4358897
mol_3932,0.4883658
mol_3933,5.9252768
mol_3934,2.2414122
mol_3935,3.5927322
mol_3936,0.77389324
mol_3937,3.694167
mol_3938,7.3922563
mol_3939,4.9767327
mol_3940,2.5886457
mol_3941,4.763963
mol_3942,3.9847224
mol_3943,2.3427167
mol_3944,3.1870604
mol_3945,1.6276923
mol_3946,2.2485938
mol_3947,1.283516
mol_3948,1.4372164
mol_3949,1.3305718
mol_3950,4.4646926
mol_3951,1.5729066
mol_3952,1.1363217
mol_3953,4.5384884
mol_3954,2.2739112
mol_3955,4.8378277
mol_3956,0.97644097
mol_3957,1.2288007
mol_3958,4.7837796
mol_3959,2.710475
mol_3960,1.6273304
mol_3961,2.8605871
mol_3962,2.1249728
mol_3963,1.3162042
mol_3964,3.3122616
mol_3965,3.3226864
mol_3966,0.8633486
mol_3967,2.2172608
mol_3968,2.2619662
mol_3969,3.0804493
mol_3970,1.4208311
mol_3971,2.5866659
mol_3972,3.6545916
mol_3973,2.489396
mol_3974,0.23007342
mol_3975,2.0867898
mol_3976,1.5246052
mol_3977,1.0710622
mol_3978,4.100965
mol_3979,3.5489364
mol_3980,2.9665065
mol_3981,1.341226
mol_3982,3.2841628
mol_3983,2.1512227
mol_3984,0.97211826
mol_3985,2.1769676
mol_3986,1.7947752
mol_3987,3.2659736
mol_3988,1.4719083
mol_3989,6.5858836
mol_3990,1.5222868
mol_3991,1.8665003
mol_3992,0.9750893
mol_3993,2.1156774
mol_3994,5.79438
mol_3995,4.994311
mol_3996,1.6518935
mol_3997,0.38082483
mol_3998,1.406576
mol_3999,1.8811883
mol_4000,2.501779
mol_4001,3.4430127
mol_4002,1.0168034
mol_4003,2.792806
mol_4004,3.943223
mol_4005,0.94831514
mol_4006,1.7967411
mol_4007,3.4961786
mol_4008,1.532066
mol_4009,2.9857717
mol_4010,3.136271
mol_4011,2.0332677
mol_4012,0.05884836
mol_4013,4.725523
mol_4014,1.0613234
mol_4015,1.6404192
mol_4016,1.4936281
mol_4017,4.8325763
mol_4018,2.1382115
mol_4019,1.5391749
mol_4020,3.9300327
mol_4021,3.074148
mol_4022,1.2874285
mol_4023,1.3212422
mol_4024,2.158427
mol_4025,0.4662575
mol_4026,3.0120358
mol_4027,2.9852905
mol_4028,0.7297307
mol_4029,1.2414402
mol_4030,4.4990273
mol_4031,1.7087606
mol_4032,1.7414274
mol_4033,2.6579993
mol_4034,1.5745177
mol_4035,3.3275647
mol_4036,0.901318
mol_4037,1.7936281
mol_4038,1.588092
mol_4039,1.263635
mol_4040,2.3573895
mol_4041,2.123024
mol_4042,5.0500937
mol_4043,1.5161896
mol_4044,5.611095
mol_4045,3.2759638
mol_4046,3.0970902
mol_4047,1.8557528
mol_4048,3.3036995
mol_4049,1.1349208
mol_4050,5.4472184
mol_4051,2.3267388
mol_4052,5.126523
mol_4053,2.4202533
mol_4054,1.972656
mol_4055,1.1826365
mol_4056,2.1352482
mol_4057,1.3317087
mol_4058,1.9816021
mol_4059,2.1595664
mol_4060,3.289907
mol_4061,1.4902062
mol_4062,1.6399298
mol_4063,1.8742254
mol_4064,2.437227
mol_4065,2.6031847
mol_4066,1.5954429
mol_4067,1.5318607
mol_4068,3.1846168
mol_4069,1.561783
mol_4070,2.7030478
mol_4071,1.4847938
mol_4072,1.3488482
mol_4073,3.512583
mol_4074,2.337305
mol_4075,2.0154245
mol_4076,1.4731234
mol_4077,1.1326653
mol_4078,1.2229551
mol_4079,1.2893157
mol_4080,4.188289
mol_4081,1.6428317
mol_4082,5.4580283
mol_4083,0.71756774
mol_4084,3.427765
mol_4085,1.369012
mol_4086,1.859352
mol_4087,3.8925977
mol_4088,5.199516
mol_4089,2.4869533
mol_4090,1.3751568
mol_4091,2.3141494
mol_4092,1.6538234
mol_4093,1.4628593
mol_4094,6.5056586
mol_4095,3.0999913
mol_4096,1.5263993
mol_4097,0.8308322
mol_4098,3.3739076
mol_4099,4.3122606
mol_4100,3.1539059
mol_4101,0.74174035
mol_4102,3.5766177
mol_4103,4.6437707
mol_4104,2.6954174
mol_4105,1.8009373
mol_4106,0.95963544
mol_4107,4.287091
mol_4108,2.3633347
mol_4109,4.139826
mol_4110,1.7730476
mol_4111,1.3627799
mol_4112,2.4224172
mol_4113,2.6932998
mol_4114,1.9300827
mol_4115,1.0537922
mol_4116,1.8759885
mol_4117,5.6821947
mol_4118,7.9641657
mol_4119,1.4586047
mol_4120,4.601821
mol_4121,1.1142789
mol_4122,3.9515462
mol_4123,1.6224425
mol_4124,2.7970614
mol_4125,2.6943069
mol_4126,2.0437698
mol_4127,1.7037423
mol_4128,1.811622
mol_4129,3.0192323
mol_4130,2.9292572
mol_4131,5.7746167
mol_4132,6.5243306
mol_4133,3.2553616
mol_4134,1.1057326
mol_4135,1.6988713
mol_4136,1.8867401
mol_4137,5.1910257
mol_4138,-0.100066446
mol_4139,3.673883
mol_4140,1.0559837
mol_4141,4.0329356
mol_4142,4.894785
mol_4143,3.9900682
mol_4144,4.2987766
mol_4145,1.6480032
mol_4146,2.1711335
mol_4147,2.8655744
mol_4148,1.0225
mol_4149,2.274939
mol_4150,4.326521
mol_4151,0.9043652
mol_4152,2.3713326
mol_4153,2.4438555
mol_4154,1.6347629
mol_4155,4.0541034
mol_4156,2.440175
mol_4157,1.5243906
mol_4158,1.1435469
mol_4159,1.9174277
mol_4160,1.1282495
mol_4161,2.10949
mol_4162,0.87248737
mol_4163,2.2066178
mol_4164,2.123758
mol_4165,1.1994263
mol_4166,4.484844
mol_4167,3.2379086
mol_4168,0.4758223
mol_4169,1.4971787
mol_4170,5.2673736
mol_4171,3.6899533
mol_4172,4.0185566
mol_4173,1.854419
mol_4174,1.787835
mol_4175,1.8869795
mol_4176,4.6830745
mol_4177,1.7558385
mol_4178,4.124368
mol_4179,1.7938752
mol_4180,2.310062
mol_4181,2.6830156
mol_4182,3.159419
mol_4183,3.0185144
mol_4184,2.44917
mol_4185,2.1247945
mol_4186,0.6505464
mol_4187,4.2028637
mol_4188,1.453047
mol_4189,2.9453928
mol_4190,0.45296875
mol_4191,2.7821252
mol_4192,0.83900106
mol_4193,1.911753
mol_4194,5.3225317
mol_4195,0.8928736
mol_4196,1.7163839
mol_4197,1.9261777
mol_4198,3.9064062
mol_4199,1.5201262
mol_4200,1.9222993
mol_4201,2.7443223
mol_4202,1.0288324
mol_4203,2.2425184
mol_4204,5.4820538
mol_4205,2.9906855
mol_4206,4.1519465
mol_4207,2.434646
mol_4208,1.5923012
mol_4209,1.6017175
mol_4210,0.49246523
mol_4211,0.11280889
mol_4212,1.3580579
mol_4213,3.3915284
mol_4214,2.2270095
mol_4215,3.0701675
mol_4216,5.196812
mol_4217,2.1977801
mol_4218,5.4005394
mol_4219,3.911108
mol_4220,1.8833003
mol_4221,1.2018511
mol_4222,3.648305
mol_4223,6.0257344
mol_4224,2.6271753
mol_4225,1.690338
mol_4226,2.0339937
mol_4227,1.5690718
mol_4228,6.7416925
mol_4229,2.9783597
mol_4230,2.4589703
mol_4231,0.4257949
mol_4232,2.8204918
mol_4233,2.3461778
mol_4234,0.89832294
mol_4235,3.23181
mol_4236,1.2350065
mol_4237,4.0177555
mol_4238,2.113275
mol_4239,1.0201398
mol_4240,4.74554
mol_4241,1.4019141
mol_4242,1.5172828
mol_4243,1.3589401
mol_4244,1.649691
mol_4245,5.817761
mol_4246,1.1855074
mol_4247,4.6815643
mol_4248,1.340969
mol_4249,1.5775615
mol_4250,3.3380928
mol_4251,1.0439101
mol_4252,1.4325657
mol_4253,6.19066
mol_4254,2.174939
mol_4255,4.1625524
mol_4256,2.1333406
mol_4257,4.9421945
mol_4258,2.1077917
mol_4259,2.5066829
mol_4260,1.5990146
mol_4261,1.1043471
mol_4262,1.8789175
mol_4263,1.9248921
mol_4264,1.406101
mol_4265,0.20065472
mol_4266,0.98731935
mol_4267,1.4291257
mol_4268,3.1954427
mol_4269,1.471965
mol_4270,1.2158715
mol_4271,0.13951805
mol_4272,2.2606041
mol_4273,3.7000859
mol_4274,2.242007
mol_4275,1.7642981
mol_4276,1.9550418
mol_4277,1.9127399
mol_4278,3.554081
mol_4279,5.0628653
mol_4280,3.1415749
mol_4281,2.2558215
mol_4282,1.8223777
mol_4283,1.45519
mol_4284,1.4331155
mol_4285,2.7873826
mol_4286,5.196133
mol_4287,3.497811
mol_4288,3.4781919
mol_4289,1.4167203
mol_4290,0.61996883
mol_4291,2.803467
mol_4292,3.7478821
mol_4293,4.7480044
mol_4294,0.30232856
mol_4295,5.116883
mol_4296,0.9708141
mol_4297,1.8743474
mol_4298,2.8198972
mol_4299,1.2217475
mol_4300,1.5902227
mol_4301,3.3681865
mol_4302,1.1136013
mol_4303,2.1037889
mol_4304,-0.067246445
mol_4305,2.5529172
mol_4306,2.2944145
mol_4307,1.27941
mol_4308,1.3344721
mol_4309,3.9894285
mol_4310,3.0474067
mol_4311,2.285253
mol_4312,1.5232272
mol_4313,3.1184027
mol_4314,2.9149442
mol_4315,0.9629311
mol_4316,1.4218572
mol_4317,1.5717198
mol_4318,2.7522187
mol_4319,3.2786725
mol_4320,6.14974
mol_4321,3.2986498
mol_4322,2.2887206
mol_4323,1.9425343
mol_4324,3.3374763
mol_4325,2.3212843
mol_4326,0.65601534
mol_4327,1.5475463
mol_4328,3.8713803
mol_4329,3.6406927
mol_4330,3.280514
mol_4331,1.83661
mol_4332,2.0643153
mol_4333,2.6798348
mol_4334,2.755447
mol_4335,3.7334826
mol_4336,5.238122
mol_4337,1.8358585
mol_4338,5.1426306
mol_4339,4.4837685
mol_4340,4.741484
mol_4341,1.41735
mol_4342,1.6728014
mol_4343,2.2811213
mol_4344,1.7960556
mol_4345,3.541772
mol_4346,2.3491623
mol_4347,1.7346125
mol_4348,2.7179337
mol_4349,1.7876209
mol_4350,0.24846426
mol_4351,3.7612128
mol_4352,3.6756613
mol_4353,3.3829947
mol_4354,2.5000563
mol_4355,4.021433
mol_4356,4.047032
mol_4357,5.483013
mol_4358,2.4199324
mol_4359,5.8662963
mol_4360,1.7238554
mol_4361,3.0218503
mol_4362,1.571471
mol_4363,2.5707402
mol_4364,2.6291668
mol_4365,3.0008821
mol_4366,1.6886152
mol_4367,3.8409362
mol_4368,1.3851105
mol_4369,5.3075795
mol_4370,1.8288817
mol_4371,3.3230321
mol_4372,2.490639
mol_4373,0.9994311
mol_4374,3.199534
mol_4375,2.3803906
mol_4376,1.0412663
mol_4377,0.57980275
mol_4378,1.8042423
mol_4379,0.53893566
mol_4380,3.9814227
mol_4381,2.9566197
mol_4382,3.0466757
mol_4383,2.1650763
mol_4384,4.243789
mol_4385,4.217042
mol_4386,1.5743968
mol_4387,1.8031967
mol_4388,2.8533053
mol_4389,0.20724657
mol_4390,3.074623
mol_4391,3.430932
mol_4392,1.2958794
mol_4393,3.0791168
mol_4394,1.0249537
mol_4395,2.001346
mol_4396,2.453043
mol_4397,1.9845307
mol_4398,1.2765509
mol_4399,2.125594
mol_4400,2.185932
mol_4401,1.9056706
mol_4402,1.5044107
mol_4403,0.596379
mol_4404,0.66492057
mol_4405,3.2143197
mol_4406,2.084074
mol_4407,1.2917185
mol_4408,3.7225053
mol_4409,3.0760202
mol_4410,2.918754
mol_4411,1.6825641
mol_4412,1.1646465
mol_4413,3.6937032
mol_4414,1.4380156
mol_4415,4.2761936
mol_4416,1.4389061
mol_4417,1.7314337
mol_4418,1.9113265
mol_4419,2.5493011
mol_4420,7.5390506
mol_4421,0.9910379
mol_4422,2.0929031
mol_4423,2.4752357
mol_4424,1.1586121
mol_4425,2.2460127
mol_4426,1.8449432
mol_4427,2.8462026
mol_4428,1.8866498
mol_4429,4.4069357
mol_4430,4.7970862
mol_4431,2.1450186
mol_4432,3.2285855
mol_4433,2.1003735
mol_4434,2.062359
mol_4435,1.1454266
mol_4436,1.7841778
mol_4437,4.493085
mol_4438,0.8739745
mol_4439,1.2467167
mol_4440,3.3926506
mol_4441,2.2991643
mol_4442,0.42343512
mol_4443,1.0598016
mol_4444,2.27769
mol_4445,4.296962
mol_4446,3.8097348
mol_4447,1.9690182
mol_4448,2.2678246
mol_4449,2.6775327
mol_4450,2.1033106
mol_4451,4.9612756
mol_4452,0.66710794
mol_4453,2.591136
mol_4454,5.5326552
mol_4455,2.0171237
mol_4456,2.246408
mol_4457,1.779188
mol_4458,1.1340464
mol_4459,1.1344423
mol_4460,1.1971432
mol_4461,2.7974858
mol_4462,2.2776303
mol_4463,6.1890826
mol_4464,1.9845866
mol_4465,2.2816138
mol_4466,4.8010426
mol_4467,2.5885274
mol_4468,1.4520787
mol_4469,0.9552873
mol_4470,1.4956869
mol_4471,1.7546176
mol_4472,1.608917
mol_4473,1.4311646
mol_4474,3.8541682
mol_4475,2.2887583
mol_4476,1.9691533
mol_4477,1.2926786
mol_4478,1.893046
mol_4479,1.6431354
mol_4480,1.4543523
mol_4481,1.758947
mol_4482,1.0474957
mol_4483,3.4130967
mol_4484,1.5353721
mol_4485,2.4041624
mol_4486,1.2925434
mol_4487,4.392119
mol_4488,1.6538454
mol_4489,1.3405169
mol_4490,0.8100078
mol_4491,1.5769633
mol_4492,1.6898172
mol_4493,1.4492875
mol_4494,1.502921
mol_4495,1.667569
mol_4496,2.1131575
mol_4497,2.3705702
mol_4498,2.5269098
mol_4499,1.14451
mol_4500,1.4289232
mol_4501,2.4578986
mol_4502,1.9383672
mol_4503,5.2712383
mol_4504,1.9154332
mol_4505,2.2514443
mol_4506,1.9066545
mol_4507,4.1728806
mol_4508,4.9411235
mol_4509,3.9061623
mol_4510,0.8164875
mol_4511,1.1049232
mol_4512,4.733509
mol_4513,2.7406006
mol_4514,1.5825857
mol_4515,1.5008878
mol_4516,2.9197931
mol_4517,1.5559374
mol_4518,7.0186095
mol_4519,1.9329616
mol_4520,1.1381581
mol_4521,2.0388088
mol_4522,6.3466864
mol_4523,2.1871955
mol_4524,1.5291878
mol_4525,4.6279182
mol_4526,4.320953
mol_4527,1.5324495
mol_4528,1.1201367
mol_4529,2.8093538
mol_4530,1.4361019
mol_4531,2.0474465
mol_4532,1.0223262
mol_4533,3.7177536
mol_4534,1.2555735
mol_4535,1.2759207
mol_4536,4.9244013
mol_4537,1.9931866
mol_4538,5.29752
mol_4539,1.5341021
mol_4540,4.445359
mol_4541,1.9457974
mol_4542,0.8844566
mol_4543,4.8477435
mol_4544,3.8940773
mol_4545,0.9216275
mol_4546,1.949597
mol_4547,2.1998072
mol_4548,3.1105971
mol_4549,1.7872783
mol_4550,2.0491111
mol_4551,2.9964714
mol_4552,2.2126207
mol_4553,1.7604045
mol_4554,2.4772854
mol_4555,2.2886453
mol_4556,3.373108
mol_4557,4.53539
mol_4558,1.5099089
mol_4559,1.1601429
mol_4560,4.080785
mol_4561,2.5750732
mol_4562,0.9923853
mol_4563,1.7187754
mol_4564,0.6936976
mol_4565,2.1435974
mol_4566,2.6782463
mol_4567,3.3342361
mol_4568,0.2312037
mol_4569,2.1263895
mol_4570,2.1519525
mol_4571,2.508174
mol_4572,2.197829
mol_4573,2.459934
mol_4574,2.5496318
mol_4575,2.0927525
mol_4576,3.0388842
mol_4577,3.2854204
mol_4578,2.7284064
mol_4579,6.1578984
mol_4580,1.4529306
mol_4581,2.9240222
mol_4582,2.6533692
mol_4583,2.2614684
mol_4584,1.240136
mol_4585,1.2388967
mol_4586,1.087011
mol_4587,2.917326
mol_4588,1.3150038
mol_4589,3.1342702
mol_4590,1.3338856
mol_4591,0.37964687
mol_4592,3.6415265
mol_4593,1.7923642
mol_4594,5.6281705
mol_4595,1.903692
mol_4596,2.4423168
mol_4597,2.006208
mol_4598,5.0901155
mol_4599,3.0675251
mol_4600,1.1116823
mol_4601,1.790991
mol_4602,2.4451053
mol_4603,0.32094482
mol_4604,2.9667609
mol_4605,3.314642
mol_4606,2.248055
mol_4607,0.7726666
mol_4608,0.297455
mol_4609,2.8292704
mol_4610,1.7577988
mol_4611,1.7136645
mol_4612,1.8703195
mol_4613,2.8724346
mol_4614,1.2780504
mol_4615,1.5254793
mol_4616,3.1552498
mol_4617,1.073171
mol_4618,2.8817976
mol_4619,4.373631
mol_4620,1.3399454
mol_4621,1.0797609
mol_4622,2.9721284
mol_4623,4.415293
mol_4624,1.3459283
mol_4625,1.4526387
mol_4626,2.5745199
mol_4627,2.3630252
mol_4628,2.252955
mol_4629,2.1987114
mol_4630,1.8639698
mol_4631,0.72229934
mol_4632,1.8594782
mol_4633,3.7055855
mol_4634,2.35228
mol_4635,-0.1619651
mol_4636,1.4983848
mol_4637,4.287787
mol_4638,3.8339415
mol_4639,1.6201607
mol_4640,1.9467697
mol_4641,1.6157782
mol_4642,3.8277457
mol_4643,1.4739183
mol_4644,0.9703173
mol_4645,2.7722003
mol_4646,2.7878706
mol_4647,1.0055645
mol_4648,0.6791988
mol_4649,3.30051
mol_4650,1.0834392
mol_4651,1.7498355
mol_4652,4.4490447
mol_4653,0.33390385
mol_4654,2.0066023
mol_4655,1.1002998
mol_4656,4.871691
mol_4657,2.2585235
mol_4658,1.5377741
mol_4659,3.953608
mol_4660,1.3190011
mol_4661,2.564928
mol_4662,1.6363686
mol_4663,1.059543
mol_4664,1.0492803
mol_4665,5.926204
mol_4666,1.7971789
mol_4667,2.4529712
mol_4668,2.6892302
mol_4669,2.8428245
mol_4670,2.1197424
mol_4671,1.8596907
mol_4672,1.9868308
mol_4673,2.267671
mol_4674,4.4761496
mol_4675,1.6752523
mol_4676,2.3802588
mol_4677,1.2526394
mol_4678,6.371537
mol_4679,2.248036
mol_4680,1.0985986
mol_4681,4.77325
mol_4682,3.9213
mol_4683,1.0425763
mol_4684,2.5600562
mol_4685,1.1625608
mol_4686,2.6518044
mol_4687,1.6007034
mol_4688,2.14729
mol_4689,2.4575686
mol_4690,1.251991
mol_4691,3.240499
mol_4692,1.7422317
mol_4693,1.4451449
mol_4694,2.7714143
mol_4695,3.0758739
mol_4696,1.0683897
mol_4697,4.0215406
mol_4698,1.6312786
mol_4699,6.9701524
mol_4700,1.6619883
mol_4701,4.3057437
mol_4702,3.719586
mol_4703,1.5967275
mol_4704,0.23139131
mol_4705,1.5324262
mol_4706,3.1275291
mol_4707,1.7509696
mol_4708,1.6649805
mol_4709,5.1098866
mol_4710,4.831727
mol_4711,4.6564827
mol_4712,5.3316493
mol_4713,1.5020336
mol_4714,2.1919427
mol_4715,5.2787023
mol_4716,3.2847772
mol_4717,1.5634862
mol_4718,2.5193985
mol_4719,1.6201272
mol_4720,1.2280239
mol_4721,0.6152888
mol_4722,3.6276553
mol_4723,4.1413064
mol_4724,1.0917872
mol_4725,1.5276697
mol_4726,2.75887
mol_4727,1.372155
mol_4728,1.5032719
mol_4729,1.7231778
mol_4730,1.2898782
mol_4731,3.1131945
mol_4732,2.605935
mol_4733,2.1262515
mol_4734,3.5334759
mol_4735,1.0002344
mol_4736,2.1335974
mol_4737,3.2235034
mol_4738,1.9213585
mol_4739,1.2158421
mol_4740,-0.27987614
mol_4741,1.5672655
mol_4742,1.510072
mol_4743,4.8883777
mol_4744,4.1584373
mol_4745,3.518396
mol_4746,1.3661243
mol_4747,1.405186
mol_4748,2.3734903
mol_4749,2.085286
mol_4750,4.8976064
mol_4751,3.3784409
mol_4752,1.0929735
mol_4753,2.8766448
mol_4754,3.1997428
mol_4755,3.791912
mol_4756,2.3339431
mol_4757,4.083428
mol_4758,2.3803701
mol_4759,1.7300512
mol_4760,0.8064783
mol_4761,0.4424486
mol_4762,1.8183697
mol_4763,3.6923249
mol_4764,4.6588426
mol_4765,4.9077134
mol_4766,1.3495486
mol_4767,0.37228101
mol_4768,6.5205054
mol_4769,2.9155993
mol_4770,1.8472748
mol_4771,1.7410564
mol_4772,1.7556678
mol_4773,1.8989271
mol_4774,0.14436254
mol_4775,3.144548
mol_4776,2.476656
mol_4777,1.7273144
mol_4778,3.5956414
mol_4779,2.1710665
mol_4780,3.1067467
mol_4781,1.7339709
mol_4782,4.8515553
mol_4783,2.901254
mol_4784,2.5532951
mol_4785,3.2021978
mol_4786,0.86416876
mol_4787,1.1710799
mol_4788,4.2264934
mol_4789,2.1633306
mol_4790,3.1706986
mol_4791,2.6979017
mol_4792,3.95225
mol_4793,3.9326704
mol_4794,1.7333829
mol_4795,5.585134
mol_4796,1.5427792
mol_4797,1.4826006
mol_4798,2.567319
mol_4799,2.2995293
mol_4800,2.5979502
mol_4801,3.820271
mol_4802,3.7693682
mol_4803,3.9023097
mol_4804,1.6143998
mol_4805,2.1415896
mol_4806,3.1515145
mol_4807,4.29893
mol_4808,1.7821985
mol_4809,0.9256453
mol_4810,1.9869319
mol_4811,3.4559715
mol_4812,4.2450576
mol_4813,0.9383992
mol_4814,6.4420667
mol_4815,1.6614925
mol_4816,2.2019567
mol_4817,2.1398993
mol_4818,2.339191
mol_4819,3.1958027
mol_4820,1.3133788
mol_4821,1.8815409
mol_4822,1.6893519
mol_4823,1.0907371
mol_4824,1.7128875
mol_4825,2.1156368
mol_4826,4.3109117
mol_4827,1.7687771
mol_4828,1.5512843
mol_4829,0.8167821
mol_4830,4.5058646
mol_4831,4.3036094
mol_4832,3.4367537
mol_4833,1.488225
mol_4834,2.8689108
mol_4835,1.7874154
mol_4836,2.0365605
mol_4837,5.5545025
mol_4838,2.9508092
mol_4839,1.6229951
mol_4840,1.0218974
mol_4841,3.9657397
mol_4842,2.5310187
mol_4843,0.78967994
mol_4844,2.2400794
mol_4845,1.8937081
mol_4846,1.0924809
mol_4847,2.0850577
mol_4848,1.4546627
mol_4849,3.0984662
mol_4850,0.76151574
mol_4851,0.16008195
mol_4852,4.386812
mol_4853,4.449676
mol_4854,3.6923118
mol_4855,4.1047273
mol_4856,1.9051654
mol_4857,2.3985379
mol_4858,3.3282597
mol_4859,2.844429
mol_4860,3.188448
mol_4861,1.8648648
mol_4862,2.0565228
mol_4863,3.6416535
mol_4864,1.6329399
mol_4865,5.317133
mol_4866,2.5161386
mol_4867,2.657627
mol_4868,1.4944382
mol_4869,1.6413611
mol_4870,5.5423107
mol_4871,1.3335804
mol_4872,2.4371364
mol_4873,1.5944169
mol_4874,2.5404692
mol_4875,0.046592213
mol_4876,3.0411656
mol_4877,2.5915866
mol_4878,2.0674028
mol_4879,6.360067
mol_4880,1.8199248
mol_4881,2.0889869
mol_4882,0.5696536
mol_4883,1.8984888
mol_4884,2.614777
mol_4885,0.52751744
mol_4886,0.3477579
mol_4887,3.9550998
mol_4888,1.249024
mol_4889,2.9359004
mol_4890,3.7350984
mol_4891,5.6897473
mol_4892,1.4476935
mol_4893,3.0466912
mol_4894,3.3482232
mol_4895,1.9616352
mol_4896,1.6047739
mol_4897,2.130052
mol_4898,2.5616493
mol_4899,1.4059011
mol_4900,1.1824133
mol_4901,1.8746307
mol_4902,2.273579
mol_4903,1.8373611
mol_4904,0.8321749
mol_4905,6.7392306
mol_4906,4.48769
mol_4907,1.6415175
mol_4908,4.256546
mol_4909,1.8935364
mol_4910,3.7232356
mol_4911,1.10369
mol_4912,2.4273026
mol_4913,2.8168638
mol_4914,0.64173925
mol_4915,4.384591
mol_4916,1.9377474
mol_4917,1.6211175
mol_4918,2.7644548
mol_4919,1.4764668
mol_4920,4.3499284
mol_4921,1.5172577
mol_4922,2.5887547
mol_4923,1.1565331
mol_4924,2.0227659
mol_4925,2.5661736
mol_4926,1.0643764
mol_4927,2.4956777
mol_4928,1.3111281
mol_4929,2.1142578
mol_4930,2.6364605
mol_4931,3.9794579
mol_4932,1.2297221
mol_4933,2.3534157
mol_4934,1.6947311
mol_4935,2.345594
mol_4936,1.8468155
mol_4937,3.4105718
mol_4938,2.0421102
mol_4939,2.0558233
mol_4940,2.5903158
mol_4941,0.9431052
mol_4942,4.817038
mol_4943,1.5209192
mol_4944,2.5268874
mol_4945,2.7562962
mol_4946,4.2574043
mol_4947,1.7664679
mol_4948,1.9379691
mol_4949,1.4877161
mol_4950,2.5599418
mol_4951,1.4655539
mol_4952,1.8698856
mol_4953,1.1204573
mol_4954,1.121822
mol_4955,1.4566965
mol_4956,0.6269277
mol_4957,4.051798
mol_4958,1.4787769
mol_4959,2.0255992
mol_4960,4.245785
mol_4961,3.85716
mol_4962,1.5801536
mol_4963,3.1964376
mol_4964,1.0988761
mol_4965,2.954396
mol_4966,1.4003506
mol_4967,1.6744957
mol_4968,2.2182436
mol_4969,3.0424528
mol_4970,2.9966805
mol_4971,3.2405734
mol_4972,3.9356844
mol_4973,1.3329644
mol_4974,3.0135736
mol_4975,4.5558906
mol_4976,1.8114258
mol_4977,1.7699296
mol_4978,1.8805379
mol_4979,3.2788692
mol_4980,1.0505811
mol_4981,3.9861217
mol_4982,4.112972
mol_4983,2.9487605
mol_4984,2.037311
mol_4985,4.606352
mol_4986,4.736688
mol_4987,2.464374
mol_4988,2.3914943
mol_4989,2.9616203
mol_4990,1.4722933
mol_4991,3.6934466
mol_4992,0.866948
mol_4993,1.6591318
mol_4994,1.1697456
mol_4995,3.799838
mol_4996,2.4116583
mol_4997,0.8367344
mol_4998,2.1076844
mol_4999,2.4458294
mol_5000,1.7266445
